"Data";"CDS Brasil";"Ajustado";"Resíduo"
2013-10-17;146,995;139,701783700694;7,2932162993063
2013-10-18;149,505;137,649548289941;11,8554517100585
2013-10-21;160,165;143,909925260314;16,2550747396862
2013-10-22;157,175;140,458476981274;16,716523018726
2013-10-23;159,325;144,747957717341;14,5770422826589
2013-10-24;162,15;146,92480129277;15,2251987072299
2013-10-25;163,2;139,807502489966;23,3924975100342
2013-10-28;163,995;144,844772252192;19,150227747808
2013-10-29;165,002;143,620093751291;21,3819062487089
2013-10-30;165,665;142,213026438401;23,4519735615986
2013-10-31;167,15;142,145498785467;25,004501214533
2013-11-01;178,983;150,809888316396;28,1731116836042
2013-11-04;181,335;159,841607968464;21,4933920315357
2013-11-05;186,985;162,292362257512;24,692637742488
2013-11-06;187,51;166,832656591834;20,6773434081661
2013-11-07;191,655;164,121763343897;27,5332366561031
2013-11-08;200,815;167,186672697412;33,6283273025877
2013-11-11;204,297;172,359458733144;31,9375412668564
2013-11-12;206,823;179,317395651011;27,5056043489892
2013-11-13;205,923;175,016482799016;30,9065172009838
2013-11-14;200;166,449296633947;33,5507033660535
2013-11-15;191,675;153,093713891142;38,5812861088584
2013-11-18;186,325;146,635342779294;39,6896572207062
2013-11-19;194,25;153,362226132907;40,8877738670931
2013-11-20;199,67;158,476496443283;41,1935035567171
2013-11-21;201,835;163,562956032125;38,2720439678746
2013-11-22;197,827;157,793413354306;40,0335866456942
2013-11-25;201,154;158,335971508089;42,818028491911
2013-11-26;202,667;166,021396382212;36,6456036177885
2013-11-27;205,167;170,27867275458;34,8883272454202
2013-11-28;205;169,483974363026;35,5160256369742
2013-11-29;209,5;167,784787117288;41,7152128827119
2013-12-02;214;168,749725981313;45,2502740186868
2013-12-03;213,335;174,541052180034;38,793947819966
2013-12-04;214,75;167,464378053597;47,2856219464029
2013-12-05;203,827;167,767048804676;36,0599511953236
2013-12-06;192,564;149,020649289133;43,5433507108674
2013-12-09;185,173;150,223457079237;34,9495429207634
2013-12-10;184,5;151,242995928988;33,2570040710117
2013-12-11;186,169;150,504597811158;35,6644021888423
2013-12-12;181,667;152,427869703538;29,2391302964619
2013-12-13;181,343;149,751399073683;31,5916009263172
2013-12-16;181,005;148,519183736834;32,4858162631655
2013-12-17;185,325;151,907307729151;33,417692270849
2013-12-18;176,833;150,355009112343;26,4779908876571
2013-12-19;179,167;148,029687724962;31,1373122750384
2013-12-20;186,333;175,168550884576;11,1644491154244
2013-12-23;185,891;175,686997080025;10,2040029199749
2013-12-24;185,674;177,036657954329;8,63734204567143
2013-12-25;185,268;177,641722152965;7,62627784703495
2013-12-26;185,894;179,285406818401;6,60859318159868
2013-12-27;193;183,085580579945;9,91441942005481
2013-12-30;193,809;187,427647549524;6,38135245047599
2013-12-31;193,771;173,411807844531;20,3591921554693
2014-01-01;193,096;174,480339042866;18,615660957134
2014-01-02;195,673;182,363716773657;13,3092832263431
2014-01-03;188,989;181,92753758884;7,06146241115996
2014-01-06;187,005;187,143182180134;-0,138182180133883
2014-01-07;189,678;189,948996469932;-0,270996469931729
2014-01-08;195,334;191,945639814478;3,38836018552208
2014-01-09;195,665;191,478333588618;4,18666641138171
2014-01-10;194,33;189,076383356052;5,25361664394781
2014-01-13;196,671;187,484719126672;9,18628087332834
2014-01-14;197,503;190,914597913394;6,58840208660556
2014-01-15;196;189,176929652008;6,82307034799157
2014-01-16;198,502;187,083314801451;11,4186851985493
2014-01-17;196,536;188,731302581927;7,80469741807348
2014-01-20;194,47;194,252390849371;0,217609150628652
2014-01-21;193,995;193,287492577364;0,707507422635592
2014-01-22;199,66;198,399343048085;1,26065695191514
2014-01-23;204,5;203,462621245537;1,03737875446328
2014-01-24;210,997;218,815313479716;-7,81831347971565
2014-01-27;210,33;213,277592463332;-2,94759246333232
2014-01-28;199,34;199,13963708826;0,200362911739995
2014-01-29;208,329;205,959065773936;2,36993422606407
2014-01-30;206,829;208,118860827943;-1,289860827943
2014-01-31;205,681;208,894687330103;-3,21368733010321
2014-02-03;209,34;213,799476765627;-4,45947676562701
2014-02-04;198,75;206,505599736637;-7,75559973663742
2014-02-05;192,659;200,912849320455;-8,25384932045451
2014-02-06;186,077;192,124461635802;-6,04746163580243
2014-02-07;184,99;190,697189613221;-5,70718961322105
2014-02-10;190,155;192,672648427515;-2,51764842751495
2014-02-11;187,659;186,058010871741;1,60098912825884
2014-02-12;191,01;184,825993877891;6,18400612210878
2014-02-13;189,669;187,911863068634;1,75713693136555
2014-02-14;186,33;181,933594624969;4,39640537503102
2014-02-17;185,35;179,230968043176;6,11903195682423
2014-02-18;187,583;177,272410454701;10,310589545299
2014-02-19;187,833;181,247743547798;6,5852564522022
2014-02-20;178,335;177,052819014441;1,28218098555941
2014-02-21;179,984;176,158550972147;3,82544902785331
2014-02-24;171,685;170,849911337259;0,835088662741414
2014-02-25;170,665;167,997540972472;2,66745902752795
2014-02-26;175,997;174,10343129028;1,89356870971997
2014-02-27;172,68;173,905066832707;-1,22506683270662
2014-02-28;171,335;171,530208188009;-0,195208188009051
2014-03-03;174,32;176,904805618362;-2,58480561836203
2014-03-04;169,68;171,423754406597;-1,74375440659709
2014-03-05;164,009;161,656725545312;2,35227445468818
2014-03-06;162,33;153,671969221868;8,65803077813208
2014-03-07;168,979;162,509967279504;6,4690327204961
2014-03-10;172,34;170,302160684445;2,03783931555526
2014-03-11;179,99;175,965146264656;4,02485373534398
2014-03-12;179,01;179,427715659373;-0,417715659373237
2014-03-13;179;182,451226973984;-3,4512269739842
2014-03-14;180,67;184,372403192737;-3,70240319273673
2014-03-17;177,68;180,819502476092;-3,13950247609211
2014-03-18;170,69;172,043473445579;-1,35347344557873
2014-03-19;173,307;175,539528268629;-2,23252826862941
2014-03-20;180;184,828128924914;-4,82812892491357
2014-03-21;180,833;186,684424124911;-5,85142412491129
2014-03-24;178,842;184,616445061264;-5,77444506126369
2014-03-25;174,189;179,318273118221;-5,12927311822077
2014-03-26;169,676;173,036730038986;-3,36073003898642
2014-03-27;165,665;172,717648147839;-7,05264814783923
2014-03-28;166,655;172,887107180245;-6,23210718024516
2014-03-31;169,66;173,875377799142;-4,21537779914171
2014-04-01;166,68;168,932287830906;-2,25228783090642
2014-04-02;167,335;167,962455333204;-0,627455333204105
2014-04-03;170,99;171,765985630958;-0,775985630957761
2014-04-04;165,675;168,902959871136;-3,22795987113617
2014-04-07;159,67;166,225690102357;-6,55569010235698
2014-04-08;160,665;166,470446268708;-5,80544626870828
2014-04-09;158,005;167,400477336068;-9,39547733606782
2014-04-10;157,005;167,052407536906;-10,0474075369065
2014-04-11;159,67;170,928905530781;-11,2589055307815
2014-04-14;158,34;174,518100346912;-16,1781003469119
2014-04-15;159,33;173,447474108524;-14,1174741085238
2014-04-16;157,345;170,333886656007;-12,9888866560069
2014-04-17;156,01;171,015672666004;-15,0056726660037
2014-04-18;154,721;169,377923473449;-14,656923473449
2014-04-21;152,335;166,34819224319;-14,0131922431895
2014-04-22;152,33;165,480752777344;-13,1507527773438
2014-04-23;152;168,509210357133;-16,5092103571332
2014-04-24;153,33;172,22627888411;-18,8962788841101
2014-04-25;155,995;177,745201586149;-21,7502015861489
2014-04-28;154,675;174,159194693491;-19,4841946934913
2014-04-29;151,35;173,651385931416;-22,3013859314159
2014-04-30;146,675;171,6436271249;-24,9686271249005
2014-05-01;147,99;172,358313260544;-24,3683132605438
2014-05-02;147;172,601115681047;-25,6011156810465
2014-05-05;146,325;172,441732698897;-26,1167326988973
2014-05-06;145,995;171,5194723557;-25,5244723556996
2014-05-07;144,67;165,837185776673;-21,1671857766734
2014-05-08;144,995;163,945621710626;-18,9506217106261
2014-05-09;146,99;163,690750882503;-16,7007508825031
2014-05-12;149,325;167,408224874726;-18,0832248747261
2014-05-13;148,173;162,15568768375;-13,9826876837496
2014-05-14;149,995;162,463677725921;-12,4686777259208
2014-05-15;151,5;165,333949478748;-13,8339494787475
2014-05-16;153,375;166,835079127348;-13,4600791273481
2014-05-19;150,335;163,71426790718;-13,3792679071798
2014-05-20;154,25;164,437073858972;-10,1870738589721
2014-05-21;153,995;166,150648794315;-12,155648794315
2014-05-22;156,5;165,239808280447;-8,7398082804471
2014-05-23;153,388;159,140725957783;-5,75272595778252
2014-05-26;152,254;156,077070586057;-3,82307058605731
2014-05-27;152,995;156,306031140362;-3,31103114036196
2014-05-28;148,35;154,045738245964;-5,69573824596371
2014-05-29;142,5;150,836171799851;-8,33617179985142
2014-05-30;142,325;148,807713504314;-6,48271350431403
2014-06-02;145,655;151,803707593181;-6,14870759318137
2014-06-03;146,75;151,909192935947;-5,15919293594698
2014-06-04;146,005;157,874583631265;-11,8695836312651
2014-06-05;144,01;153,208736562444;-9,19873656244392
2014-06-06;134,66;145,766324751564;-11,1063247515635
2014-06-09;134,167;148,7478156444;-14,5808156444003
2014-06-10;135,875;152,144487267588;-16,2694872675878
2014-06-11;136;153,449142351597;-17,4491423515972
2014-06-12;138,5;156,554588535355;-18,0545885353548
2014-06-13;138,675;156,892623179391;-18,2176231793906
2014-06-16;137,005;156,851574647347;-19,8465746473475
2014-06-17;138,5;156,698993909991;-18,1989939099915
2014-06-18;137,66;153,586960313817;-15,926960313817
2014-06-19;137,655;149,41974235955;-11,7647423595501
2014-06-20;139,833;157,21921291315;-17,3862129131496
2014-06-23;141;156,890775764388;-15,8907757643876
2014-06-24;141;155,405006160332;-14,4050061603315
2014-06-25;136,833;155,267837174731;-18,4348371747315
2014-06-26;136,833;152,879255114386;-16,0462551143856
2014-06-27;140,65;157,678929034436;-17,0289290344364
2014-06-30;144,15;162,399103952169;-18,2491039521688
2014-07-01;142,833;159,832463320061;-16,9994633200613
2014-07-02;145;159,698793269801;-14,6987932698014
2014-07-03;145,944;160,58184713785;-14,6378471378503
2014-07-04;145,762;158,883472880961;-13,1214728809608
2014-07-07;145,99;158,35887972649;-12,3688797264903
2014-07-08;147,335;155,615297324535;-8,28029732453486
2014-07-09;145,125;154,193049926622;-9,06804992662234
2014-07-10;146,125;154,446702475524;-8,32170247552356
2014-07-11;147,167;157,517448271381;-10,350448271381
2014-07-14;146,25;158,562140118971;-12,312140118971
2014-07-15;148,25;161,052027402826;-12,8020274028256
2014-07-16;147,498;162,789014599852;-15,2910145998524
2014-07-17;150;169,65585782415;-19,6558578241499
2014-07-18;145,345;167,572970623822;-22,2279706238225
2014-07-21;140,25;163,890328150307;-23,6403281503071
2014-07-22;135,005;159,751868591072;-24,7468685910722
2014-07-23;132,66;157,669508458535;-25,0095084585345
2014-07-24;134,5;156,56755912066;-22,06755912066
2014-07-25;137;159,740482431451;-22,7404824314507
2014-07-28;141,985;167,456941195895;-25,4719411958948
2014-07-29;145,75;170,292485912701;-24,5424859127006
2014-07-30;149,15;172,965923336142;-23,8159233361416
2014-07-31;155,98;179,290846250923;-23,3108462509235
2014-08-01;161,99;177,621370406147;-15,6313704061467
2014-08-04;158,125;168,049546444354;-9,92454644435432
2014-08-05;163,625;176,977012529713;-13,3520125297133
2014-08-06;164,34;181,27632652963;-16,9363265296299
2014-08-07;166,315;183,684922157292;-17,3699221572924
2014-08-08;167;187,18267529656;-20,18267529656
2014-08-11;162,335;176,670884344088;-14,3358843440884
2014-08-12;158,33;170,713974181883;-12,3839741818827
2014-08-13;154,33;164,544156299016;-10,2141562990159
2014-08-14;150,335;161,41100223766;-11,0760022376601
2014-08-15;151,495;159,076938161879;-7,58193816187855
2014-08-18;146,01;153,700018033942;-7,69001803394169
2014-08-19;140,335;150,081778978595;-9,74677897859453
2014-08-20;140,655;155,446501198384;-14,7915011983838
2014-08-21;139,34;151,665099682052;-12,3250996820525
2014-08-22;141,665;153,866190462103;-12,2011904621027
2014-08-25;141,34;152,005771312236;-10,6657713122359
2014-08-26;137,67;152,1695786756;-14,4995786756002
2014-08-27;132,34;147,713720449275;-15,3737204492749
2014-08-28;131;151,874262965188;-20,8742629651881
2014-08-29;127;151,086606819809;-24,0866068198093
2014-09-01;126,124;150,502162598549;-24,3781625985487
2014-09-02;125,75;148,238592807597;-22,4885928075966
2014-09-03;123,75;146,246844047601;-22,4968440476012
2014-09-04;126;150,229107757424;-24,2291077574236
2014-09-05;125,675;151,349688346175;-25,6746883461751
2014-09-08;130,25;152,196139999241;-21,9461399992411
2014-09-09;139,67;160,779580394;-21,1095803940004
2014-09-10;139,75;162,380871564513;-22,6308715645132
2014-09-11;137,995;160,64877922964;-22,6537792296405
2014-09-12;143,125;167,408304193504;-24,2833041935041
2014-09-15;147;171,675086065224;-24,6750860652244
2014-09-16;142,34;167,54568989111;-25,2056898911103
2014-09-17;138,75;162,687066209506;-23,9370662095061
2014-09-18;138,917;163,213949904764;-24,2969499047636
2014-09-19;141,5;162,0848220882;-20,5848220882004
2014-09-22;157,809;177,490920346721;-19,6819203467208
2014-09-23;154,333;179,00329976624;-24,6702997662397
2014-09-24;152,67;173,863565686076;-21,1935656860757
2014-09-25;159,5;179,755950608044;-20,2559506080439
2014-09-26;161,625;189,049272809534;-27,4242728095339
2014-09-29;175,734;201,313803218535;-25,5798032185348
2014-09-30;175,625;195,657347163971;-20,0323471639711
2014-10-01;176,125;195,276548051943;-19,151548051943
2014-10-02;176,125;196,534849853421;-20,4098498534207
2014-10-03;174,67;192,569590545254;-17,8995905452536
2014-10-06;161,269;183,987890763037;-22,7188907630369
2014-10-07;157,375;186,110092965573;-28,7350929655728
2014-10-08;152,67;187,093249052543;-34,4232490525427
2014-10-09;154,875;186,713429555847;-31,8384295558473
2014-10-10;158,625;191,341991985088;-32,7169919850885
2014-10-13;159,97;194,234388613816;-34,2643886138157
2014-10-14;159,158;193,136978848585;-33,9789788485845
2014-10-15;162,827;202,231749425464;-39,404749425464
2014-10-16;165,66;200,839508911205;-35,1795089112045
2014-10-17;158,01;189,920576930628;-31,9105769306276
2014-10-20;157,32;184,175936876384;-26,8559368763843
2014-10-21;166,5;178,165545687667;-11,6655456876668
2014-10-22;167,66;178,907586141922;-11,2475861419222
2014-10-23;168,985;182,121818638703;-13,1368186387025
2014-10-24;165,173;178,804680150237;-13,6316801502365
2014-10-27;165,822;174,257460856875;-8,43546085687527
2014-10-28;160,523;168,473630638947;-7,95063063894733
2014-10-29;156,25;167,23457848557;-10,9845784855696
2014-10-30;151,5;163,532601969695;-12,0326019696948
2014-10-31;151,75;160,553594203887;-8,80359420388733
2014-11-03;158,75;162,430315785654;-3,68031578565383
2014-11-04;163,152;166,996290503732;-3,8442905037315
2014-11-05;162,163;166,019079794461;-3,85607979446085
2014-11-06;166,25;171,236880977876;-4,98688097787573
2014-11-07;170,833;175,155923542537;-4,32292354253688
2014-11-10;170,66;175,448155122826;-4,78815512282633
2014-11-11;170,66;172,431159287424;-1,77115928742414
2014-11-12;172,655;174,704336084328;-2,04933608432768
2014-11-13;176,32;177,222018465341;-0,902018465340687
2014-11-14;182,31;179,458863320415;2,85113667958533
2014-11-17;185,995;184,677932372366;1,31706762763441
2014-11-18;185,665;182,587101880111;3,07789811988853
2014-11-19;178,35;180,419880684149;-2,06988068414946
2014-11-20;173,825;184,240014003294;-10,4150140032938
2014-11-21;163,685;176,777648549195;-13,0926485491954
2014-11-24;159,82;175,912729223322;-16,0927292233218
2014-11-25;157,67;172,2868826471;-14,6168826470998
2014-11-26;154;171,031494623673;-17,0314946236735
2014-11-27;152,495;168,815484054528;-16,3204840545275
2014-11-28;153,516;169,246762265497;-15,7307622654969
2014-12-01;158,65;179,655570899754;-21,0055708997544
2014-12-02;163;181,589476209287;-18,5894762092867
2014-12-03;156,5;180,307122705223;-23,8071227052229
2014-12-04;159,5;181,891490532091;-22,3914905320908
2014-12-05;164,555;189,386735478297;-24,8317354782972
2014-12-08;175,17;200,4999835987;-25,3299835987004
2014-12-09;176,433;210,318459000588;-33,8854590005879
2014-12-10;186,488;224,93283770625;-38,4448377062495
2014-12-11;190,715;231,231411601137;-40,5164116011375
2014-12-12;212,193;255,777967939879;-43,584967939879
2014-12-15;235,583;274,438724926356;-38,8557249263562
2014-12-16;240,881;280,4202883104;-39,5392883103997
2014-12-17;215,704;248,926624343694;-33,2226243436936
2014-12-18;211,747;240,719562837901;-28,9725628379007
2014-12-19;191,368;221,571328998088;-30,2033289980883
2014-12-22;182,867;219,433175433545;-36,5661754335446
2014-12-23;183,549;219,479204306111;-35,9302043061111
2014-12-24;184,341;222,250970374943;-37,9099703749435
2014-12-25;184,078;221,644202122356;-37,5662021223563
2014-12-26;183,943;220,556865791826;-36,6138657918262
2014-12-29;187,919;220,253062108888;-32,3340621088881
2014-12-30;196,934;229,963749523024;-33,0297495230242
2014-12-31;200,755;239,83127904376;-39,0762790437599
2015-01-01;200,95;240,57059495674;-39,6205949567403
2015-01-02;205,536;241,39848752363;-35,8624875236299
2015-01-05;223,856;267,054019416943;-43,1980194169432
2015-01-06;222,938;283,584495017962;-60,6464950179616
2015-01-07;214,274;274,349845169632;-60,075845169632
2015-01-08;209,254;265,190419889424;-55,9364198894238
2015-01-09;206,256;271,747889625154;-65,4918896251541
2015-01-12;211,055;282,618786804928;-71,5637868049284
2015-01-13;207,861;288,683972083984;-80,8229720839844
2015-01-14;202,368;281,661428053337;-79,2934280533368
2015-01-15;209,208;283,448832870489;-74,2408328704892
2015-01-16;207,199;287,511339474455;-80,3123394744555
2015-01-19;206,571;287,007638926552;-80,4366389265518
2015-01-20;204,549;286,585952631071;-82,0369526310707
2015-01-21;206,727;287,65018140637;-80,9231814063698
2015-01-22;201,942;280,091314834069;-78,1493148340686
2015-01-23;198,327;274,325964532723;-75,9989645327231
2015-01-26;198,851;279,528971144129;-80,6779711441289
2015-01-27;199,678;282,190696327259;-82,5126963272589
2015-01-28;209,442;287,703667412487;-78,2616674124868
2015-01-29;211,587;287,051738061492;-75,4647380614921
2015-01-30;226,629;290,638101683995;-64,0091016839945
2015-02-02;233,593;295,229337787598;-61,6363377875983
2015-02-03;224,688;275,169412023634;-50,4814120236337
2015-02-04;226,628;277,286100344939;-50,658100344939
2015-02-05;225,755;268,683516301019;-42,9285163010189
2015-02-06;229,699;268,414985472663;-38,7159854726629
2015-02-09;233,419;270,517326284517;-37,0983262845175
2015-02-10;245,635;274,98474719207;-29,3497471920702
2015-02-11;251,686;276,618771982533;-24,9327719825325
2015-02-12;243,322;268,841796043327;-25,5197960433273
2015-02-13;238,402;259,619571099188;-21,2175710991882
2015-02-16;237,824;258,452423010422;-20,6284230104217
2015-02-17;237,921;258,034665882345;-20,1136658823453
2015-02-18;231,79;254,441036721461;-22,6510367214607
2015-02-19;235,492;257,039165266176;-21,5471652661763
2015-02-20;240,093;259,05412836121;-18,9611283612098
2015-02-23;242,151;260,368586232843;-18,2175862328434
2015-02-24;234,124;257,100261332853;-22,9762613328527
2015-02-25;243,177;253,093291271687;-9,91629127168685
2015-02-26;248,383;247,640334708703;0,74266529129751
2015-02-27;242,906;243,464690077164;-0,558690077163784
2015-03-02;240,939;240,848870257118;0,0901297428817475
2015-03-03;237,176;244,89119542973;-7,7151954297298
2015-03-04;246,347;252,878340399002;-6,53134039900177
2015-03-05;250,58;253,531935669829;-2,95193566982922
2015-03-06;253,258;264,407008571337;-11,1490085713373
2015-03-09;268,955;277,785197779465;-8,83019777946482
2015-03-10;286,812;295,24553886216;-8,43353886215993
2015-03-11;289,724;292,609715333429;-2,88571533342923
2015-03-12;289,352;285,756287003209;3,59571299679104
2015-03-13;302,382;295,005494645875;7,37650535412477
2015-03-16;306,352;298,032495799734;8,31950420026614
2015-03-17;304,898;293,175208467533;11,7227915324668
2015-03-18;295,316;284,599395202533;10,7166047974667
2015-03-19;303,498;284,77168325079;18,7263167492099
2015-03-20;295,628;280,341507932023;15,2864920679769
2015-03-23;286,78;274,879499296242;11,9005007037575
2015-03-24;281,633;269,873598987333;11,7594010126674
2015-03-25;286,414;272,608610540857;13,8053894591431
2015-03-26;287,068;275,797476899031;11,2705231009693
2015-03-27;287,979;270,977478876173;17,0015211238268
2015-03-30;285,479;269,939638479339;15,5393615206612
2015-03-31;282,705;268,838168942346;13,8668310576537
2015-04-01;272,694;263,260154097583;9,43384590241744
2015-04-02;265,408;259,670507360313;5,73749263968712
2015-04-03;264,558;258,024726715895;6,533273284105
2015-04-06;259,882;253,933504942003;5,94849505799702
2015-04-07;256,398;251,106473666389;5,29152633361122
2015-04-08;239,224;242,380400848423;-3,15640084842251
2015-04-09;237,128;243,95015170495;-6,82215170494952
2015-04-10;247,176;251,481143498639;-4,30514349863876
2015-04-13;249,539;254,135500879688;-4,59650087968843
2015-04-14;236,831;250,232151801723;-13,4011518017226
2015-04-15;233,013;248,638410215942;-15,6254102159423
2015-04-16;237,671;247,940019003296;-10,269019003296
2015-04-17;242,863;255,172105544683;-12,3091055446833
2015-04-20;236,521;251,802544369855;-15,2815443698555
2015-04-21;232,964;248,737024638156;-15,7730246381564
2015-04-22;229,317;248,774604025635;-19,4576040256349
2015-04-23;222,234;244,794023487064;-22,5600234870641
2015-04-24;222,781;244,057325807879;-21,2763258078794
2015-04-27;225,03;243,976474147363;-18,9464741473629
2015-04-28;226,645;244,365604614703;-17,7206046147028
2015-04-29;228,8;247,044390748122;-18,2443907481222
2015-04-30;234,341;251,386320562078;-17,0453205620782
2015-05-01;240,032;255,665784021743;-15,6337840217426
2015-05-04;241,447;253,891975581888;-12,4449755818877
2015-05-05;236,597;249,059576824765;-12,462576824765
2015-05-06;233,998;245,872015893463;-11,8740158934632
2015-05-07;235,434;247,719616129345;-12,285616129345
2015-05-08;226,102;241,663254596126;-15,5612545961257
2015-05-11;231,421;241,697894910899;-10,2768949108991
2015-05-12;233,298;243,735007885222;-10,4370078852216
2015-05-13;234,514;242,170094427854;-7,65609442785428
2015-05-14;230,304;241,06527459281;-10,7612745928097
2015-05-15;230,36;238,890301693349;-8,53030169334867
2015-05-18;225,32;233,332844361119;-8,01284436111911
2015-05-19;227,167;235,750268065018;-8,58326806501848
2015-05-20;225,004;234,934649710076;-9,93064971007576
2015-05-21;221,911;231,053620336397;-9,14262033639747
2015-05-22;222,286;230,995140250806;-8,70914025080578
2015-05-25;221,947;230,300537537267;-8,35353753726729
2015-05-26;230,938;234,314221568506;-3,37622156850564
2015-05-27;230,186;236,28649926302;-6,10049926301997
2015-05-28;232,736;239,724304012981;-6,98830401298091
2015-05-29;235,496;239,242870920155;-3,74687092015495
2015-06-01;238,213;245,550894484212;-7,33789448421195
2015-06-02;234,527;243,355174778901;-8,82817477890119
2015-06-03;235,941;247,575313200098;-11,6343132000985
2015-06-04;240,257;254,24530327879;-13,98830327879
2015-06-05;246,983;261,890706039359;-14,9077060393594
2015-06-08;247,975;266,711059776116;-18,7360597761163
2015-06-09;244,75;266,117173805157;-21,3671738051575
2015-06-10;246,755;264,320770308441;-17,5657703084414
2015-06-11;243,531;259,365719284999;-15,8347192849992
2015-06-12;243,864;259,926539324962;-16,0625393249623
2015-06-15;247,238;262,342959833167;-15,104959833167
2015-06-16;247,446;263,362791847203;-15,9167918472028
2015-06-17;241,641;261,200541046482;-19,5595410464819
2015-06-18;235,62;253,412632474184;-17,7926324741841
2015-06-19;240,84;251,748064911962;-10,9080649119623
2015-06-22;248,987;260,657790938579;-11,6707909385788
2015-06-23;248,484;256,905783233374;-8,42178323337377
2015-06-24;253,067;262,149976511085;-9,08297651108504
2015-06-25;255,55;261,302995621551;-5,75299562155074
2015-06-26;256,373;264,408731443481;-8,03573144348066
2015-06-29;263,753;272,750964845278;-8,99796484527794
2015-06-30;259,89;266,634173436624;-6,74417343662356
2015-07-01;259,375;269,269256087114;-9,89425608711425
2015-07-02;254,558;263,409759435462;-8,85175943546241
2015-07-03;253,858;266,375461014596;-12,5174610145961
2015-07-06;259,746;272,58928862087;-12,8432886208704
2015-07-07;263,165;285,214616354507;-22,0496163545066
2015-07-08;265,292;295,034842103739;-29,7428421037392
2015-07-09;263,741;286,186770852206;-22,4457708522062
2015-07-10;256,754;267,104579883671;-10,3505798836712
2015-07-13;253,318;263,008846859477;-9,69084685947703
2015-07-14;254,128;268,098343489495;-13,9703434894953
2015-07-15;260,545;273,025530172083;-12,480530172083
2015-07-16;258,464;268,381044223849;-9,91704422384851
2015-07-17;264,47;264,783647475415;-0,313647475414531
2015-07-20;271,393;268,664733629998;2,72826637000222
2015-07-21;267,027;267,05843060563;-0,0314306056302827
2015-07-22;271,245;271,95856700353;-0,713567003529721
2015-07-23;284,489;278,108279650967;6,38072034903277
2015-07-24;293,555;292,667138372127;0,887861627872861
2015-07-27;299,177;305,07796009664;-5,90096009663993
2015-07-28;291,111;295,503210117716;-4,39221011771561
2015-07-29;284,407;284,955496446513;-0,548496446513176
2015-07-30;287,139;288,169918717198;-1,03091871719832
2015-07-31;292,665;294,38823810653;-1,72323810653033
2015-08-03;299,458;301,929935147069;-2,47193514706879
2015-08-04;302,734;302,984501228126;-0,250501228126294
2015-08-05;304,198;300,432984548213;3,76501545178707
2015-08-06;321,587;309,065314993915;12,521685006085
2015-08-07;326,263;311,001526427759;15,261473572241
2015-08-10;318,6;305,489147583581;13,1108524164194
2015-08-11;310,429;314,926873290714;-4,49787329071389
2015-08-12;304,959;323,940728558941;-18,9817285589405
2015-08-13;307,282;321,936598690398;-14,6545986903984
2015-08-14;305,043;326,397246088099;-21,3542460880988
2015-08-17;304,417;331,330394076771;-26,9133940767711
2015-08-18;309,019;335,531867880784;-26,5128678807842
2015-08-19;314,148;344,529987608706;-30,3819876087056
2015-08-20;320,233;355,712003380661;-35,4790033806607
2015-08-21;329,715;369,552199626323;-39,8371996263228
2015-08-24;351,5;396,855610093466;-45,3556100934663
2015-08-25;348,773;378,647431342776;-29,8744313427758
2015-08-26;346,29;373,822789745811;-27,5327897458105
2015-08-27;328,141;351,546881157216;-23,4058811572158
2015-08-28;331,232;354,871342060332;-23,6393420603323
2015-08-31;350,772;359,131207656978;-8,35920765697803
2015-09-01;365,559;378,495334207823;-12,9363342078235
2015-09-02;376,212;386,567473234782;-10,3554732347818
2015-09-03;369,782;374,113131116298;-4,33113111629843
2015-09-04;379,013;384,55593468044;-5,54293468043981
2015-09-07;381,731;391,422400799146;-9,69140079914627
2015-09-08;374,812;378,126218939091;-3,31421893909107
2015-09-09;372,117;373,72678113302;-1,6097811330201
2015-09-10;386,499;378,302463340034;8,1965366599657
2015-09-11;395,287;384,064772365841;11,2222276341594
2015-09-14;389,251;379,668121079441;9,58287892055915
2015-09-15;381,933;364,67614620597;17,2568537940296
2015-09-16;376,829;352,53808790069;24,2909120993098
2015-09-17;377,727;344,349834393569;33,377165606431
2015-09-18;390,473;345,22035783387;45,2526421661304
2015-09-21;415,1;366,370928150327;48,7290718496733
2015-09-22;459,484;395,045405276223;64,4385947237771
2015-09-23;475,906;406,915332491324;68,9906675086755
2015-09-24;475,186;421,652276141728;53,5337238582724
2015-09-25;487,606;430,103900087224;57,5020999127763
2015-09-28;533,323;463,591918916774;69,7310810832258
2015-09-29;518,968;468,320207297737;50,6477927022625
2015-09-30;480,027;448,74897512005;31,2780248799501
2015-10-01;464,686;439,92132066859;24,7646793314103
2015-10-02;447,16;433,419369782972;13,7406302170278
2015-10-05;412,261;403,171607263254;9,0893927367465
2015-10-06;407,012;397,387144788736;9,62485521126418
2015-10-07;429,502;396,565719385815;32,9362806141848
2015-10-08;416,324;389,072405852332;27,2515941476685
2015-10-09;410,772;377,987747805825;32,7842521941751
2015-10-12;415,846;375,840249679913;40,0057503200873
2015-10-13;442,11;399,316324865488;42,7936751345117
2015-10-14;447,825;401,906845825583;45,9181541744171
2015-10-15;431,331;380,151965648063;51,1790343519371
2015-10-16;441,234;374,390364315082;66,8436356849185
2015-10-19;454,493;374,612765730518;79,8802342694822
2015-10-20;473,612;382,315564433175;91,2964355668247
2015-10-21;475,221;391,12678938383;84,0942106161705
2015-10-22;463,378;383,813812002893;79,5641879971067
2015-10-23;455,098;375,199188036721;79,8988119632794
2015-10-26;451,723;370,13150137564;81,5914986243597
2015-10-27;444,965;376,406910903784;68,5580890962157
2015-10-28;446,705;373,229179281723;73,4758207182774
2015-10-29;443,826;378,404257370079;65,4217426299208
2015-10-30;440,514;372,199288339833;68,3147116601669
2015-11-02;425,887;363,513909391698;62,3730906083016
2015-11-03;403,393;344,122177241661;59,2708227583385
2015-11-04;392;340,26766219315;51,7323378068503
2015-11-05;399,425;351,506182627686;47,9188173723137
2015-11-06;405,218;358,045503352543;47,1724966474571
2015-11-09;422,548;371,297502382529;51,2504976174713
2015-11-10;414,517;365,922393875764;48,5946061242361
2015-11-11;407,918;361,111850512927;46,8061494870726
2015-11-12;425,158;368,654832888353;56,5031671116467
2015-11-13;434,07;379,924087115766;54,1459128842341
2015-11-16;427,918;375,576634746279;52,3413652537214
2015-11-17;423,457;368,391179598623;55,0658204013766
2015-11-18;409,766;360,792905641387;48,9730943586131
2015-11-19;398,427;356,464826609566;41,9621733904343
2015-11-20;396,367;353,811727384981;42,5552726150187
2015-11-23;401,989;358,75288535866;43,2361146413402
2015-11-24;399,667;362,163085456992;37,5039145430078
2015-11-25;423,523;367,667620112161;55,8553798878392
2015-11-26;426,274;365,18353059104;61,0904694089598
2015-11-27;427,061;367,71004417394;59,3509558260599
2015-11-30;444,133;371,915127542295;72,2178724577054
2015-12-01;445,493;369,356171395219;76,136828604781
2015-12-02;448,396;373,063308604811;75,3326913951886
2015-12-03;450,203;382,581406936005;67,6215930639951
2015-12-04;445,778;383,039217527524;62,7387824724762
2015-12-07;452,814;392,421090041525;60,3929099584749
2015-12-08;459,034;399,970645077239;59,0633549227613
2015-12-09;453,505;401,560227298481;51,9447727015187
2015-12-10;466,621;418,480877443404;48,1401225565955
2015-12-11;479,134;440,218662448771;38,9153375512293
2015-12-14;471,073;437,709374179929;33,363625820071
2015-12-15;456,56;420,299418717645;36,260581282355
2015-12-16;470,163;413,097727003909;57,0652729960911
2015-12-17;476,851;413,039179911997;63,8118200880031
2015-12-18;488,966;422,949602537709;66,016397462291
2015-12-21;503,184;426,577638990069;76,6063610099314
2015-12-22;507,16;427,623155743949;79,5368442560505
2015-12-23;494,147;419,864967249835;74,2820327501646
2015-12-24;489,559;416,803683882692;72,7553161173083
2015-12-25;488,036;415,858058148094;72,1779418519063
2015-12-28;494,73;415,98042667048;78,74957332952
2015-12-29;491,615;414,559348241431;77,0556517585689
2015-12-30;492,175;415,539089639237;76,6359103607626
2015-12-31;494,939;414,192040431995;80,7469595680053
2016-01-01;493,341;415,126274818591;78,2147251814088
2016-01-04;501,842;425,251864135752;76,5901358642484
2016-01-05;485,343;418,456551509243;66,8864484907569
2016-01-06;481,048;424,916007194096;56,1319928059037
2016-01-07;484,008;441,081932557938;42,926067442062
2016-01-08;487,632;443,146274516614;44,4857254833858
2016-01-11;487,009;451,700787143181;35,3082128568191
2016-01-12;485,582;456,507934440365;29,0740655596345
2016-01-13;492,915;457,699998423033;35,2150015769674
2016-01-14;486,702;461,985396252068;24,7166037479324
2016-01-15;496,427;481,017623966068;15,4093760339321
2016-01-18;505,913;494,495460171223;11,4175398287767
2016-01-19;494,56;492,742643826316;1,81735617368405
2016-01-20;497,306;508,043615193162;-10,7376151931618
2016-01-21;495,064;496,969184894845;-1,90518489484485
2016-01-22;483,468;472,928117079472;10,5398829205284
2016-01-25;491,853;481,05096452766;10,8020354723401
2016-01-26;480,004;474,582495072504;5,42150492749605
2016-01-27;475,464;467,854818372397;7,60918162760268
2016-01-28;471,918;457,354401613494;14,5635983865055
2016-01-29;473,447;457,240232174176;16,2067678258244
2016-02-01;473,196;460,414120270212;12,7818797297885
2016-02-02;484,173;478,646168671884;5,52683132811579
2016-02-03;475,748;476,400990006299;-0,652990006298611
2016-02-04;468,247;462,210769329258;6,03623067074241
2016-02-05;468,127;466,014387657949;2,11261234205092
2016-02-08;481,629;487,816748955782;-6,18774895578179
2016-02-09;480,819;489,330171855539;-8,51117185553891
2016-02-10;485,256;490,498301648334;-5,24230164833433
2016-02-11;500,505;510,108628568716;-9,60362856871637
2016-02-12;494,842;492,233746760861;2,60825323913919
2016-02-15;496,676;486,513667350169;10,1623326498314
2016-02-16;490,866;477,363486532016;13,5025134679837
2016-02-17;479,366;456,656375495666;22,7096245043344
2016-02-18;480,487;454,523500481882;25,9634995181176
2016-02-19;474,139;454,018386885664;20,1206131143357
2016-02-22;462,435;436,971639650124;25,4633603498759
2016-02-23;463,78;440,291126446641;23,4888735533589
2016-02-24;451,565;445,615964387147;5,94903561285309
2016-02-25;451,276;442,545199313094;8,73080068690609
2016-02-26;455,749;443,886830841113;11,8621691588867
2016-02-29;459,649;441,884694112343;17,7643058876573
2016-03-01;450,155;422,107036749395;28,0479632506051
2016-03-02;448,038;415,382912185643;32,6550878143569
2016-03-03;432,727;402,725383307546;30,0016166924537
2016-03-04;415,745;395,123750203017;20,6212497969835
2016-03-07;409,08;394,713475423493;14,3665245765068
2016-03-08;416,076;402,491196057919;13,5848039420811
2016-03-09;402,459;395,710521646812;6,74847835318816
2016-03-10;395,146;389,441437071478;5,70456292852166
2016-03-11;391,435;376,863522181837;14,5714778181625
2016-03-14;390,982;372,252502555609;18,7294974443914
2016-03-15;423,56;383,344727155061;40,2152728449395
2016-03-16;419,649;378,700856664483;40,9481433355171
2016-03-17;385,152;350,084542313611;35,0674576863886
2016-03-18;366,041;337,114934800283;28,9260651997169
2016-03-21;370,573;362,565919504183;8,00708049581654
2016-03-22;366,332;363,87740077533;2,45459922466963
2016-03-23;387,498;373,584668232007;13,9133317679927
2016-03-24;392,981;383,433815971917;9,54718402808347
2016-03-25;394,785;384,364864260026;10,4201357399738
2016-03-28;386,583;381,874706541859;4,70829345814071
2016-03-29;372,109;372,642445944367;-0,533445944367146
2016-03-30;358,939;359,132869973444;-0,193869973444418
2016-03-31;365,743;360,698206586741;5,04479341325932
2016-04-01;363,94;364,170197995153;-0,23019799515251
2016-04-04;373,515;371,493897046227;2,02110295377295
2016-04-05;385,826;386,196572330037;-0,370572330037297
2016-04-06;385,577;385,328806822748;0,248193177252187
2016-04-07;396,684;395,170207693097;1,51379230690303
2016-04-08;390,074;392,425483370285;-2,35148337028506
2016-04-11;377,844;381,576237889912;-3,73223788991239
2016-04-12;360,754;365,848042735726;-5,0940427357255
2016-04-13;343,867;353,048408293849;-9,1814082938489
2016-04-14;337,435;346,393590868044;-8,95859086804399
2016-04-15;342,033;350,794941122253;-8,76194112225265
2016-04-18;341,939;349,484241430481;-7,54524143048107
2016-04-19;338,317;340,49974421406;-2,18274421406047
2016-04-20;336,076;336,516865897143;-0,440865897142733
2016-04-21;350,31;343,61504264925;6,69495735074975
2016-04-22;358,901;347,715033485605;11,1859665143947
2016-04-25;360,78;354,272645030016;6,50735496998417
2016-04-26;348,132;350,042906735299;-1,91090673529934
2016-04-27;337,112;342,921078020444;-5,80907802044439
2016-04-28;338,967;344,217395996184;-5,25039599618408
2016-04-29;339,755;348,700245676944;-8,94524567694426
2016-05-02;337,372;347,114975754146;-9,74297575414559
2016-05-03;344,945;362,11299401482;-17,1679940148197
2016-05-04;344,543;367,128953372657;-22,5859533726568
2016-05-05;346,711;366,273699620142;-19,5626996201421
2016-05-06;341,449;360,232454220249;-18,7834542202494
2016-05-09;347,73;363,151053149939;-15,4210531499392
2016-05-10;337,234;355,428125801439;-18,1941258014394
2016-05-11;327,15;352,582362355918;-25,4323623559183
2016-05-12;326,596;350,815391332167;-24,2193913321675
2016-05-13;328,782;355,99938832363;-27,2173883236299
2016-05-16;328,224;355,267635307758;-27,0436353077583
2016-05-17;332,565;356,109914450321;-23,5449144503205
2016-05-18;342,753;367,213213747749;-24,4602137477493
2016-05-19;349,634;376,875568918569;-27,2415689185686
2016-05-20;345,831;370,392452606303;-24,5614526063031
2016-05-23;356,688;378,135302383637;-21,4473023836369
2016-05-24;355,806;376,210576064484;-20,4045760644836
2016-05-25;351,519;369,731889414695;-18,2128894146949
2016-05-26;349,842;368,147728497824;-18,3057284978239
2016-05-27;350,483;367,12785049777;-16,6448504977699
2016-05-30;350,876;365,021654862623;-14,1456548626231
2016-05-31;362,953;370,970560411803;-8,01756041180269
2016-06-01;360,875;370,024807377153;-9,14980737715307
2016-06-02;352,874;365,318628830103;-12,4446288301031
2016-06-03;341,393;357,19098651329;-15,7979865132901
2016-06-06;330,516;342,316315558766;-11,8003155587658
2016-06-07;328,187;336,31454900577;-8,12754900576989
2016-06-08;326,253;331,104484476489;-4,85148447648888
2016-06-09;334,008;340,407221427395;-6,39922142739511
2016-06-10;342,78;349,516016773922;-6,73601677392209
2016-06-13;353,497;364,726919023367;-11,2299190233669
2016-06-14;358,81;378,389669164866;-19,5796691648664
2016-06-15;354,86;376,310405181338;-21,4504051813376
2016-06-16;350,751;375,609630008094;-24,8586300080943
2016-06-17;340,998;367,997173456257;-26,9991734562566
2016-06-20;332,511;352,965966829315;-20,4549668293154
2016-06-21;328,691;349,14770699145;-20,4567069914501
2016-06-22;328,176;343,994940485078;-15,8189404850781
2016-06-23;320,889;332,373725888027;-11,484725888027
2016-06-24;341,729;356,213549968599;-14,4845499685993
2016-06-27;347,114;371,579845359182;-24,4658453591821
2016-06-28;333,877;359,368282537175;-25,4912825371753
2016-06-29;320,125;333,363250484169;-13,238250484169
2016-06-30;316,972;330,002868810722;-13,0308688107219
2016-07-01;314,186;325,083336670455;-10,8973366704548
2016-07-04;313,059;322,941871878148;-9,88287187814819
2016-07-05;320,459;327,824839724582;-7,36583972458234
2016-07-06;319,062;326,468974017912;-7,40697401791243
2016-07-07;322,27;325,335247073;-3,06524707300005
2016-07-08;309,341;313,506765154557;-4,16576515455723
2016-07-11;305,775;299,203831513489;6,57116848651104
2016-07-12;295,39;287,445067536263;7,94493246373696
2016-07-13;293,693;285,892444346615;7,80055565338475
2016-07-14;292,887;286,649457557752;6,23754244224797
2016-07-15;294,546;288,38372947084;6,16227052916017
2016-07-18;291,125;289,300884182472;1,82411581752788
2016-07-19;289,402;290,339975780925;-0,937975780925463
2016-07-20;287,218;287,295426389153;-0,0774263891526551
2016-07-21;288,812;287,619995061306;1,19200493869409
2016-07-22;286,644;287,129602872655;-0,485602872655435
2016-07-25;291,704;291,531474246537;0,172525753462796
2016-07-26;293,817;297,901949842616;-4,08494984261567
2016-07-27;292,642;301,900229806628;-9,25822980662794
2016-07-28;295,198;303,077013917543;-7,8790139175428
2016-07-29;291,178;298,942564520357;-7,764564520357
2016-08-01;292,925;299,424013689504;-6,49901368950366
2016-08-02;292,478;302,602215797037;-10,1242157970374
2016-08-03;285,503;298,90999836017;-13,4069983601695
2016-08-04;279,214;288,11476147932;-8,90076147931989
2016-08-05;273,189;277,153676478363;-3,96467647836342
2016-08-08;271,005;266,31490268955;4,69009731045032
2016-08-09;265,389;259,633742419585;5,75525758041484
2016-08-10;262,056;260,535333188995;1,52066681100531
2016-08-11;258,315;259,782489381611;-1,46748938161056
2016-08-12;257,564;259,593472527142;-2,02947252714164
2016-08-15;253,432;255,188399887917;-1,75639988791698
2016-08-16;253,559;254,591705286681;-1,03270528668066
2016-08-17;253,196;257,443317949191;-4,24731794919083
2016-08-18;251,757;249,996321298506;1,76067870149435
2016-08-19;252,653;250,914862030511;1,73813796948924
2016-08-22;254,468;253,215069590118;1,25293040988189
2016-08-23;255,374;255,213355629917;0,160644370082685
2016-08-24;257,971;260,18661362007;-2,21561362007017
2016-08-25;261,088;265,111911108068;-4,02391110806845
2016-08-26;260,992;262,553448724803;-1,56144872480329
2016-08-29;257,732;259,174956438164;-1,44295643816405
2016-08-30;258,509;259,51884157802;-1,00984157802033
2016-08-31;259,599;264,426224958819;-4,82722495881868
2016-09-01;260,562;267,034791484285;-6,47279148428469
2016-09-02;258,239;263,26486013904;-5,02586013904032
2016-09-05;256,851;260,766785713754;-3,91578571375443
2016-09-06;251,373;253,069555214325;-1,69655521432468
2016-09-07;244,992;244,22580435125;0,766195648749972
2016-09-08;245,494;245,613659514139;-0,119659514139458
2016-09-09;255,1;256,287189702727;-1,18718970272668
2016-09-12;253,722;259,113516144655;-5,39151614465493
2016-09-13;269,445;272,229029769925;-2,78402976992515
2016-09-14;276,928;279,280615876082;-2,35261587608232
2016-09-15;271,927;274,057031827983;-2,13003182798254
2016-09-16;273,788;280,697616327853;-6,90961632785313
2016-09-19;267,128;275,848244892408;-8,72024489240792
2016-09-20;282,488;300,447502304893;-17,9595023048933
2016-09-21;272,1;283,758464295111;-11,6584642951114
2016-09-22;267,251;270,826225217332;-3,57522521733187
2016-09-23;273,219;281,202022906814;-7,98302290681401
2016-09-26;279,17;293,12388465539;-13,9538846553901
2016-09-27;273,256;287,379358317967;-14,1233583179668
2016-09-28;267,648;277,563265886497;-9,915265886497
2016-09-29;275,813;285,361314565909;-9,54831456590873
2016-09-30;273,004;285,462371202382;-12,4583712023817
2016-10-03;267,613;280,128787766546;-12,5157877665459
2016-10-04;275,864;286,363598677571;-10,4995986775712
2016-10-05;274,869;283,184303689249;-8,31530368924863
2016-10-06;271,58;282,410512366712;-10,8305123667118
2016-10-07;270,908;282,035019534033;-11,1270195340334
2016-10-10;270,997;282,483200890276;-11,4862008902761
2016-10-11;269,952;286,707488072426;-16,7554880724261
2016-10-12;265,667;285,923780362036;-20,2567803620361
2016-10-13;263,332;284,790755835593;-21,4587558355928
2016-10-14;267,459;287,065843001193;-19,6068430011932
2016-10-17;270,099;289,687080142414;-19,5880801424141
2016-10-18;266,504;286,579801566334;-20,0758015663341
2016-10-19;262,877;278,43310255921;-15,5561025592099
2016-10-20;264,13;274,380528646412;-10,2505286464117
2016-10-21;260,833;273,950794144183;-13,1177941441827
2016-10-24;262,778;272,815152738344;-10,0371527383435
2016-10-25;265,57;271,944429188178;-6,37442918817784
2016-10-26;269,25;278,934377307598;-9,6843773075982
2016-10-27;274,661;282,243499639569;-7,58249963956913
2016-10-28;276,378;286,020950929271;-9,64295092927114
2016-10-31;273,96;286,148155223587;-12,1881552235869
2016-11-01;280,444;291,413639259376;-10,9696392593761
2016-11-02;287,635;300,240548684633;-12,6055486846326
2016-11-03;288,306;299,871865597039;-11,5658655970391
2016-11-04;285,721;299,506221963871;-13,7852219638713
2016-11-07;269,86;283,793418534558;-13,933418534558
2016-11-08;263,66;277,594335431197;-13,9343354311965
2016-11-09;274,212;295,562299354876;-21,3502993548764
2016-11-10;304,228;314,421678169174;-10,193678169174
2016-11-11;301,756;324,934941895866;-23,1789418958665
2016-11-14;321,763;355,987864636209;-34,2248646362095
2016-11-15;299,208;322,856953519529;-23,6489535195286
2016-11-16;304,427;326,506607202652;-22,0796072026518
2016-11-17;310,184;331,468321979217;-21,2843219792167
2016-11-18;311,926;340,271407145603;-28,3454071456032
2016-11-21;309,279;336,873576783829;-27,5945767838287
2016-11-22;302,848;325,935159549721;-23,0871595497209
2016-11-23;306,144;326,55133830092;-20,4073383009198
2016-11-24;306,967;328,985413177106;-22,018413177106
2016-11-25;306,688;327,289948845398;-20,601948845398
2016-11-28;302,296;323,328057794376;-21,032057794376
2016-11-29;300,326;321,106307858958;-20,7803078589582
2016-11-30;297,312;314,99914254925;-17,6871425492503
2016-12-01;312,431;320,970007740643;-8,53900774064267
2016-12-02;316,5;320,225735965006;-3,72573596500613
2016-12-05;310,011;311,265430723867;-1,25443072386715
2016-12-06;302,294;297,526252085043;4,76774791495654
2016-12-07;296,76;286,662062028592;10,097937971408
2016-12-08;295,216;284,253701805416;10,9622981945844
2016-12-09;295,59;283,989229929517;11,6007700704832
2016-12-12;291,071;282,870118142151;8,20088185784951
2016-12-13;291,713;281,160520676505;10,552479323495
2016-12-14;296,375;282,107133613387;14,267866386613
2016-12-15;294,939;288,599845085542;6,33915491445838
2016-12-16;293,143;284,173090101597;8,96990989840276
2016-12-19;290,318;283,638915916326;6,67908408367406
2016-12-20;284,194;281,183798139892;3,01020186010795
2016-12-21;282,691;279,119672373301;3,57132762669851
2016-12-22;283,103;280,772996283655;2,33000371634456
2016-12-23;282,836;279,891409820291;2,94459017970952
2016-12-26;281,975;278,960853498078;3,01414650192221
2016-12-27;281,818;280,339782792125;1,47821720787493
2016-12-28;280,83;278,411771395548;2,41822860445191
2016-12-29;280,484;279,037797673142;1,4462023268584
2016-12-30;280,758;277,73294769434;3,02505230565979
2017-01-02;280,603;277,586803615877;3,01619638412286
2017-01-03;277,898;276,337184477836;1,56081552216377
2017-01-04;266,029;271,120056325992;-5,09105632599157
2017-01-05;258,23;262,160733765081;-3,93073376508103
2017-01-06;259,254;263,725982902439;-4,47198290243905
2017-01-09;259,566;267,440897149483;-7,87489714948282
2017-01-10;262,028;273,046211820227;-11,0182118202265
2017-01-11;255,835;273,448706604668;-17,6137066046677
2017-01-12;255,611;269,491371102759;-13,8803711027592
2017-01-13;252,449;265,57031424942;-13,1213142494197
2017-01-16;252,013;265,15087507672;-13,13787507672
2017-01-17;250,425;264,528176959147;-14,1031769591467
2017-01-18;254,607;270,72289166114;-16,1158916611402
2017-01-19;256,188;272,038387429214;-15,8503874292136
2017-01-20;254,559;267,985326795181;-13,4263267951814
2017-01-23;252,42;265,41897699638;-12,9989769963803
2017-01-24;253,251;266,109033372103;-12,858033372103
2017-01-25;252,066;261,756616094483;-9,69061609448306
2017-01-26;253,07;264,232395745523;-11,1623957455227
2017-01-27;246,014;261,333175805228;-15,3191758052275
2017-01-30;249,376;264,472279560246;-15,0962795602456
2017-01-31;250,938;267,189056713479;-16,2510567134789
2017-02-01;246,057;264,413829502236;-18,3568295022356
2017-02-02;243,397;259,016972469573;-15,6199724695731
2017-02-03;239,28;251,407764342506;-12,1277643425059
2017-02-06;238,136;247,594764127099;-9,45876412709908
2017-02-07;241,427;250,348314153624;-8,92131415362446
2017-02-08;237,626;250,235126734976;-12,6091267349764
2017-02-09;234,15;246,549801473463;-12,3998014734633
2017-02-10;227,985;241,025521248938;-13,0405212489377
2017-02-13;217,133;231,397333534103;-14,2643335341027
2017-02-14;217,704;228,202909571989;-10,4989095719894
2017-02-15;221,314;235,002016333;-13,6880163329997
2017-02-16;228,015;239,766147017176;-11,7511470171757
2017-02-17;231,216;242,597289156708;-11,3812891567082
2017-02-20;231,39;242,500587674358;-11,1105876743582
2017-02-21;225,414;234,034727224871;-8,62072722487127
2017-02-22;224,305;228,085261435502;-3,78026143550205
2017-02-23;220,102;222,669103313344;-2,56710331334444
2017-02-24;222,168;224,145765034975;-1,97776503497462
2017-02-27;220,954;224,464908470504;-3,51090847050425
2017-02-28;223,737;228,032963296293;-4,2959632962925
2017-03-01;215,61;220,982132040212;-5,37213204021182
2017-03-02;223,606;222,713283235024;0,892716764975518
2017-03-03;218,381;218,233525481192;0,147474518807942
2017-03-06;217,077;216,888048381866;0,188951618133723
2017-03-07;221,173;216,405166686014;4,76783331398626
2017-03-08;234,346;226,962761995248;7,3832380047516
2017-03-09;236,118;232,786176239519;3,33182376048089
2017-03-10;232,906;229,628370443058;3,27762955694193
2017-03-13;233,139;227,343835910135;5,79516408986509
2017-03-14;233,925;229,980316393031;3,94468360696877
2017-03-15;218,944;221,119504602873;-2,17550460287281
2017-03-16;216,752;215,605215445501;1,14678455449894
2017-03-17;212,983;209,24194115181;3,74105884818986
2017-03-20;229,748;231,283694851225;-1,53569485122484
2017-03-21;236,814;234,833032368054;1,98096763194583
2017-03-22;239,2;236,685223167621;2,51477683237876
2017-03-23;241,154;235,010544761989;6,14345523801056
2017-03-24;236,849;230,315386223542;6,53361377645848
2017-03-27;236,66;234,534361934263;2,1256380657366
2017-03-28;233,739;231,370247231361;2,36875276863857
2017-03-29;228,992;227,1131790545;1,87882094550025
2017-03-30;228,156;223,620434343718;4,53556565628246
2017-03-31;226,435;228,231811883099;-1,79681188309904
2017-04-03;225,185;228,048830695819;-2,86383069581883
2017-04-04;223,507;226,718179136078;-3,21117913607846
2017-04-05;223,921;226,917591601507;-2,9965916015067
2017-04-06;224,809;227,804728245698;-2,99572824569781
2017-04-07;225,193;229,023404327777;-3,83040432777743
2017-04-10;221,527;227,271905790529;-5,74490579052921
2017-04-11;223,889;231,664107031918;-7,77510703191825
2017-04-12;225,929;234,552600221671;-8,62360022167138
2017-04-13;225,891;235,66923605631;-9,77823605630992
2017-04-14;225,875;235,834535453509;-9,95953545350856
2017-04-17;225,406;236,908269995895;-11,5022699958947
2017-04-18;226,762;239,047384542507;-12,2853845425072
2017-04-19;227,862;239,084369194789;-11,2223691947888
2017-04-20;226,98;234,468395890504;-7,48839589050451
2017-04-21;224,017;231,792893517002;-7,77589351700186
2017-04-24;217,728;223,931265726576;-6,20326572657557
2017-04-25;217,705;220,004104838323;-2,29910483832307
2017-04-26;222,102;222,786185782305;-0,684185782304595
2017-04-27;220,026;222,337452724056;-2,31145272405646
2017-04-28;217,696;221,656698389987;-3,96069838998714
2017-05-01;217,177;221,293155253738;-4,1161552537376
2017-05-02;213,284;215,118222030408;-1,83422203040846
2017-05-03;210,272;213,78625627412;-3,51425627412012
2017-05-04;215,742;221,032137485445;-5,29013748544531
2017-05-05;213,195;220,97580388854;-7,78080388854012
2017-05-08;214,868;223,286800211398;-8,41880021139824
2017-05-09;213,798;222,740333781474;-8,94233378147445
2017-05-10;207,887;217,520399510646;-9,63339951064605
2017-05-11;205,045;216,629233954151;-11,5842339541509
2017-05-12;202,911;217,527973211619;-14,6169732116193
2017-05-15;198,898;215,595099040051;-16,6970990400511
2017-05-16;196,869;212,532045580205;-15,6630455802045
2017-05-17;206,091;219,614391968392;-13,5233919683918
2017-05-18;265,742;232,721654358762;33,0203456412382
2017-05-19;247,021;221,428215588626;25,5927844113744
2017-05-22;248,591;219,046055986584;29,5449440134158
2017-05-23;240,933;216,134976954734;24,7980230452656
2017-05-24;236,652;213,679204562666;22,972795437334
2017-05-25;240,789;214,827372524292;25,9616274757083
2017-05-26;238,667;215,89110559844;22,77589440156
2017-05-29;238,135;216,359752345979;21,7752476540214
2017-05-30;237,23;217,220389165729;20,009610834271
2017-05-31;235,895;218,990323712352;16,9046762876479
2017-06-01;237,177;216,318449256777;20,8585507432232
2017-06-02;237,176;214,440728428731;22,7352715712685
2017-06-05;237,967;211,458848622069;26,5081513779312
2017-06-06;237,314;210,672513445148;26,641486554852
2017-06-07;239,104;208,906840554288;30,1971594457121
2017-06-08;236,885;208,202252691586;28,6827473084136
2017-06-09;237,115;208,208743275014;28,9062567249861
2017-06-12;237,315;207,003135439946;30,3118645600538
2017-06-13;235,726;203,899832117216;31,8261678827839
2017-06-14;230,225;197,231114124042;32,9938858759579
2017-06-15;235,832;204,032346257303;31,7996537426974
2017-06-16;238,558;206,494879613473;32,0631203865267
2017-06-19;237,704;208,563744154645;29,1402558453549
2017-06-20;240,985;212,86867320114;28,1163267988595
2017-06-21;246,231;219,370279117586;26,8607208824141
2017-06-22;242,799;217,91798577405;24,8810142259496
2017-06-23;240,646;213,315033822287;27,3309661777131
2017-06-26;237,457;211,361127323694;26,0958726763057
2017-06-27;240,741;212,101639827354;28,6393601726455
2017-06-28;238,951;213,668695391822;25,2823046081783
2017-06-29;242,06;217,737841645038;24,3221583549619
2017-06-30;242,382;218,539101306635;23,8428986933651
2017-07-03;241,417;217,610506944004;23,8064930559959
2017-07-04;241,566;218,977228494023;22,5887715059766
2017-07-05;242,325;225,477517768401;16,8474822315988
2017-07-06;244,782;228,631981577354;16,1500184226458
2017-07-07;242,363;228,896134020299;13,4668659797011
2017-07-10;238,217;223,493797682209;14,723202317791
2017-07-11;235,787;222,397689391912;13,3893106080879
2017-07-12;229,125;217,907083490135;11,2179165098647
2017-07-13;227,814;215,114220806409;12,6997791935914
2017-07-14;223,824;213,463292953215;10,3607070467854
2017-07-17;222,426;212,731196963703;9,69480303629653
2017-07-18;221,429;212,363801397357;9,06519860264305
2017-07-19;216,297;211,799326164776;4,49767383522363
2017-07-20;211,262;210,667292128011;0,594707871988769
2017-07-21;211,238;210,094078060632;1,14392193936832
2017-07-24;213,449;212,715697767333;0,733302232667069
2017-07-25;216,599;213,65141908016;2,94758091983983
2017-07-26;214,064;209,017639031836;5,04636096816389
2017-07-27;214,81;206,632989794489;8,17701020551118
2017-07-28;214,117;205,628030084127;8,48896991587261
2017-07-31;209,899;204,585745509998;5,31325449000155
2017-08-01;207,367;198,609313215772;8,75768678422783
2017-08-02;204,196;196,090429111082;8,10557088891801
2017-08-03;201,027;195,277894317822;5,7491056821783
2017-08-04;199,368;195,875210750618;3,4927892493824
2017-08-07;195,094;191,275697084963;3,81830291503748
2017-08-08;197,186;191,855736406647;5,3302635933535
2017-08-09;199,569;197,860084785916;1,70891521408386
2017-08-10;206,86;204,282938135473;2,57706186452708
2017-08-11;205,036;210,139421439516;-5,10342143951611
2017-08-14;204,526;205,63584809545;-1,10984809545047
2017-08-15;201,214;200,98961041575;0,224389584249756
2017-08-16;199,344;199,098228567391;0,24577143260939
2017-08-17;206,836;202,186048915679;4,64995108432119
2017-08-18;203,235;200,967934189862;2,26706581013824
2017-08-21;202,995;200,61147487929;2,38352512071002
2017-08-22;203,146;197,760667996914;5,38533200308584
2017-08-23;199,668;196,070430631722;3,59756936827756
2017-08-24;197,694;193,212372624045;4,48162737595483
2017-08-25;197,131;190,385622430635;6,74537756936523
2017-08-28;199,889;189,635184893619;10,2538151063813
2017-08-29;200,385;193,001389747146;7,38361025285362
2017-08-30;197,904;186,630197944159;11,2738020558411
2017-08-31;195,801;183,094217340108;12,7067826598916
2017-09-01;192,782;180,462051043451;12,319948956549
2017-09-04;191,247;182,323400836026;8,92359916397416
2017-09-05;188,768;181,795797244406;6,97220275559394
2017-09-06;186,015;183,371024080472;2,6439759195283
2017-09-07;182,402;179,932300607919;2,46969939208065
2017-09-08;181,477;180,990566566831;0,486433433169071
2017-09-11;180,62;176,58705839856;4,03294160143969
2017-09-12;183,338;176,913951533595;6,42404846640527
2017-09-13;181,612;175,524442730738;6,08755726926181
2017-09-14;181,768;175,300990338545;6,46700966145526
2017-09-15;178,991;173,179923260934;5,81107673906609
2017-09-18;178,028;171,175911916713;6,85208808328702
2017-09-19;180,069;173,01100852748;7,05799147251994
2017-09-20;202,068;197,863719655356;4,20428034464376
2017-09-21;203,552;198,938971008347;4,61302899165297
2017-09-22;201,322;196,966082334525;4,35591766547533
2017-09-25;205,233;202,374073298219;2,85892670178142
2017-09-26;203,969;202,582674736434;1,38632526356563
2017-09-27;203,51;203,994309418812;-0,484309418812474
2017-09-28;199,809;200,125879130966;-0,316879130966208
2017-09-29;195,954;195,571201282278;0,382798717722257
2017-10-02;192,988;190,751671327699;2,23632867230096
2017-10-03;188,335;187,008907448617;1,32609255138299
2017-10-04;186,114;185,32500855054;0,788991449459517
2017-10-05;184,89;184,361171329762;0,528828670238128
2017-10-06;185,647;185,249612115367;0,397387884633055
2017-10-09;186,455;188,082158816825;-1,62715881682523
2017-10-10;186,735;188,577742030685;-1,84274203068472
2017-10-11;184,451;187,70265309185;-3,25165309184961
2017-10-12;183,019;187,191213622785;-4,17221362278482
2017-10-13;181,363;186,123947624485;-4,76094762448492
2017-10-16;180,838;186,38447565944;-5,54647565944011
2017-10-17;177,539;183,794912686105;-6,25591268610536
2017-10-18;175,127;180,278725582443;-5,15172558244289
2017-10-19;171,125;177,134124428337;-6,00912442833664
2017-10-20;170,152;179,571414796561;-9,41941479656051
2017-10-23;171,135;180,196149506569;-9,06114950656895
2017-10-24;171,642;181,348406627996;-9,70640662799644
2017-10-25;172,795;183,218816111296;-10,4238161112964
2017-10-26;177,15;186,475714882005;-9,32571488200494
2017-10-27;173,852;183,871302712507;-10,0193027125074
2017-10-30;172,87;182,452730614243;-9,58273061424281
2017-10-31;171,769;179,177699624198;-7,4086996241976
2017-11-01;171,283;178,992682449492;-7,70968244949222
2017-11-02;170,048;179,657307559061;-9,60930755906099
2017-11-03;173,211;182,04108518129;-8,83008518129008
2017-11-06;171,229;182,250038675987;-11,0210386759869
2017-11-07;177,744;188,900348035857;-11,1563480358573
2017-11-08;176,261;190,67570967632;-14,4147096763202
2017-11-09;177,192;193,182985935507;-15,9909859355069
2017-11-10;179,547;196,94451570529;-17,3975157052899
2017-11-13;180,082;197,19144105993;-17,1094410599301
2017-11-14;181,718;195,277579188704;-13,5595791887037
2017-11-15;183,556;197,540262347982;-13,9842623479816
2017-11-16;179,787;191,615025302337;-11,8280253023373
2017-11-17;177,668;186,858836500271;-9,19083650027094
2017-11-20;176,362;187,702668955798;-11,3406689557979
2017-11-21;174,085;185,109713309133;-11,024713309133
2017-11-22;173,502;180,297083214436;-6,7950832144358
2017-11-23;172,112;178,886054118499;-6,77405411849945
2017-11-24;170,833;178,483857029543;-7,65085702954328
2017-11-27;167,291;174,241500188789;-6,95050018878857
2017-11-28;165,608;172,271649713104;-6,66364971310398
2017-11-29;169,436;174,428356137139;-4,9923561371394
2017-11-30;170,788;175,523297248296;-4,73529724829641
2017-12-01;170,482;175,921414889085;-5,43941488908527
2017-12-04;167,095;171,427184486012;-4,33218448601198
2017-12-05;162,182;170,306359799376;-8,12435979937584
2017-12-06;162,78;174,049791290702;-11,2697912907016
2017-12-07;165,941;175,748072975971;-9,80707297597143
2017-12-08;167,173;176,042519040726;-8,86951904072621
2017-12-11;167,641;177,611337960686;-9,97033796068604
2017-12-12;166,091;176,596103437046;-10,5051034370461
2017-12-13;165,211;173,971721875003;-8,76072187500251
2017-12-14;167,309;176,091683866359;-8,78268386635889
2017-12-15;166,355;175,850071603216;-9,49507160321606
2017-12-18;164,701;172,562885655574;-7,86188565557431
2017-12-19;164,021;170,597187515458;-6,57618751545824
2017-12-20;163,604;168,756185307421;-5,1521853074208
2017-12-21;164,697;165,942271826129;-1,24527182612893
2017-12-22;164,338;165,153005745426;-0,815005745425898
2017-12-25;163,879;165,139441376093;-1,26044137609346
2017-12-26;163,401;164,00016074725;-0,599160747250241
2017-12-27;163,013;164,646448104141;-1,6334481041409
2017-12-28;162,628;163,656437184929;-1,02843718492896
2017-12-29;161,966;166,912585233311;-4,94658523331065
2018-01-01;161,925;165,173734699357;-3,24873469935702
2018-01-02;156,389;157,163177130507;-0,774177130506499
2018-01-03;152,744;149,557682806746;3,18631719325363
2018-01-04;148,613;146,774983629582;1,83801637041774
2018-01-05;146,99;144,939648452827;2,05035154717294
2018-01-08;145,977;141,98305926699;3,99394073300973
2018-01-09;146,364;139,92974822821;6,43425177179005
2018-01-10;147,236;141,684718179387;5,5512818206125
2018-01-11;146,432;137,932401713146;8,49959828685424
2018-01-12;145,627;135,874594961673;9,75240503832673
2018-01-15;145,214;136,385050161285;8,82894983871505
2018-01-16;145,499;135,228548390654;10,2704516093456
2018-01-17;145,77;136,711521486873;9,0584785131274
2018-01-18;146,428;137,509545314604;8,9184546853961
2018-01-19;148,914;141,992397995946;6,92160200405419
2018-01-22;149,393;140,898673322009;8,49432667799096
2018-01-23;154,072;142,560469339671;11,511530660329
2018-01-24;146,217;139,60010512614;6,61689487385952
2018-01-25;144,079;140,358481833377;3,72051816662308
2018-01-26;142,625;139,186775256574;3,43822474342585
2018-01-29;144,939;141,732954345907;3,20604565409256
2018-01-30;145,718;144,059265804703;1,65873419529658
2018-01-31;144,488;141,791991430655;2,69600856934478
2018-02-01;144,772;140,261817990415;4,51018200958543
2018-02-02;150,461;147,633150344392;2,8278496556078
2018-02-05;157,285;153,405090111744;3,87990988825573
2018-02-06;153,648;152,75149941805;0,896500581949958
2018-02-07;151,859;149,697314995579;2,16168500442136
2018-02-08;164,798;164,962267294422;-0,164267294421846
2018-02-09;171,605;179,779558498564;-8,17455849856408
2018-02-12;170,763;173,602586219434;-2,8395862194337
2018-02-13;170,152;173,81618860184;-3,66418860183959
2018-02-14;164,229;169,161631481624;-4,93263148162419
2018-02-15;154,113;159,918481781882;-5,80548178188243
2018-02-16;153,251;155,503375112048;-2,2523751120477
2018-02-19;152,177;153,717332678678;-1,54033267867753
2018-02-20;156,407;158,639522308024;-2,23252230802431
2018-02-21;158,271;158,020101736873;0,250898263127338
2018-02-22;157,458;158,184185669763;-0,726185669762955
2018-02-23;154,747;155,897603577868;-1,15060357786821
2018-02-26;150,022;151,264692317371;-1,24269231737136
2018-02-27;153,555;153,193167791377;0,361832208622752
2018-02-28;156,329;155,891116105507;0,437883894493247
2018-03-01;159,351;159,168664428007;0,182335571993262
2018-03-02;157,535;159,879957160621;-2,34495716062068
2018-03-05;152,995;155,282973209542;-2,28797320954154
2018-03-06;150,213;152,974372767692;-2,76137276769223
2018-03-07;152,019;156,478252916228;-4,4592529162281
2018-03-08;152,024;155,397201533325;-3,37320153332495
2018-03-09;146,723;149,797386416611;-3,07438641661129
2018-03-12;144,279;146,590156232506;-2,31115623250638
2018-03-13;144,796;147,226809706894;-2,43080970689431
2018-03-14;144,505;147,921710751874;-3,41671075187401
2018-03-15;145,852;150,802227750662;-4,95022775066188
2018-03-16;146,982;151,606049806302;-4,62404980630157
2018-03-19;150,505;158,221024236677;-7,71602423667714
2018-03-20;161,07;173,139658541507;-12,0696585415068
2018-03-21;160,465;170,611940926412;-10,146940926412
2018-03-22;166,122;175,601598283202;-9,47959828320187
2018-03-23;171,491;182,419648357743;-10,9286483577431
2018-03-26;167,541;177,613728053849;-10,0727280538488
2018-03-27;168,496;174,697010007156;-6,2010100071558
2018-03-28;167,806;173,378488536413;-5,57248853641315
2018-03-29;164,72;169,875654369872;-5,15565436987178
2018-03-30;164,2;168,992393825945;-4,79239382594502
2018-04-02;165,67;170,876833942181;-5,20683394218114
2018-04-03;165,389;168,522007220821;-3,13300722082076
2018-04-04;165,768;166,228459791296;-0,460459791296436
2018-04-05;163,228;161,776111797784;1,45188820221647
2018-04-06;166,882;164,423820993717;2,45817900628257
2018-04-09;169,511;167,531932475206;1,97906752479381
2018-04-10;168,518;164,619491627163;3,89850837283735
2018-04-11;166,336;164,175143972999;2,1608560270007
2018-04-12;166,454;163,095298712994;3,3587012870057
2018-04-13;167,856;163,494501184692;4,36149881530851
2018-04-16;168,563;163,273190234859;5,28980976514061
2018-04-17;167,301;160,256034564967;7,044965435033
2018-04-18;165,781;157,567095463349;8,2139045366513
2018-04-19;166,67;159,387117360573;7,28288263942741
2018-04-20;169,377;163,728391948273;5,64860805172671
2018-04-23;169,925;166,971051665113;2,95394833488663
2018-04-24;171,164;167,811714747244;3,35228525275563
2018-04-25;172,093;172,429396099429;-0,336396099429259
2018-04-26;171,41;171,434110870627;-0,0241108706274746
2018-04-27;169,482;168,576389152426;0,905610847573861
2018-04-30;173,778;171,453458442907;2,32454155709252
2018-05-01;176,672;173,821703044499;2,85029695550077
2018-05-02;181,698;177,649227255693;4,048772744307
2018-05-03;190,077;185,669141929355;4,40785807064478
2018-05-04;185,415;183,278044854134;2,1369551458661
2018-05-07;190,19;187,385025286789;2,80497471321131
2018-05-08;198,653;197,149185205101;1,50381479489902
2018-05-09;196,202;194,706952480163;1,49504751983689
2018-05-10;184,743;182,76455457652;1,97844542348002
2018-05-11;184,897;176,968170366323;7,92882963367694
2018-05-14;185,592;178,856881240653;6,73511875934699
2018-05-15;188,189;183,665255850159;4,5237441498407
2018-05-16;188,657;185,761354751031;2,8956452489687
2018-05-17;194,248;190,781887703095;3,46611229690452
2018-05-18;202,745;196,264701575181;6,48029842481927
2018-05-21;196,738;193,351164489815;3,38683551018499
2018-05-22;192,769;187,395204574659;5,37379542534094
2018-05-23;188,932;184,299929875222;4,63207012477801
2018-05-24;190,541;181,565016544147;8,9759834558528
2018-05-25;192,574;182,602240365591;9,97175963440926
2018-05-28;192,964;182,112044746463;10,8519552535366
2018-05-29;210,808;193,732904181507;17,0750958184933
2018-05-30;217,218;193,385665709537;23,8323342904632
2018-05-31;226,515;199,732076640196;26,782923359804
2018-06-01;235,215;202,260695128228;32,9543048717717
2018-06-04;231,567;199,6856402199;31,8813597801001
2018-06-05;236,424;204,405461483661;32,0185385163387
2018-06-06;245,038;204,962835953874;40,0751640461255
2018-06-07;254,195;208,972642993772;45,2223570062284
2018-06-08;251,23;214,810815043825;36,419184956175
2018-06-11;253,881;215,814633711814;38,0663662881862
2018-06-12;264,72;218,786340750583;45,9336592494172
2018-06-13;263,937;218,860862187725;45,0761378122747
2018-06-14;270,737;219,77478987756;50,9622101224398
2018-06-15;272,062;219,883504772308;52,1784952276921
2018-06-18;278,035;226,316320565645;51,7186794343547
2018-06-19;273,313;231,813641679368;41,4993583206321
2018-06-20;270,613;226,960357151061;43,6526428489391
2018-06-21;268,339;225,705410523379;42,6335894766212
2018-06-22;265,09;218,694849975255;46,3951500247454
2018-06-25;264,603;220,636071593267;43,9669284067332
2018-06-26;262,995;218,194093963957;44,8009060360427
2018-06-27;267,732;223,827313622357;43,9046863776434
2018-06-28;267,062;226,095107970494;40,9668920295056
2018-06-29;270,18;224,487385931218;45,692614068782
2018-07-02;274,805;229,504008483958;45,3009915160418
2018-07-03;267,972;223,509931804804;44,462068195196
2018-07-04;265,503;220,998975025818;44,5040249741816
2018-07-05;262,133;214,643989754769;47,4890102452314
2018-07-06;254,529;208,832754880026;45,6962451199743
2018-07-09;248,666;200,761321578355;47,904678421645
2018-07-10;243,433;195,707825532479;47,7251744675209
2018-07-11;252,594;203,541829398493;49,0521706015066
2018-07-12;249,744;198,302972699594;51,4410273004056
2018-07-13;243,764;191,304603812439;52,459396187561
2018-07-16;244,946;190,498447623271;54,4475523767285
2018-07-17;244,695;191,720575424677;52,9744245753228
2018-07-18;243,798;193,47677972419;50,3212202758102
2018-07-19;238,315;194,821621015207;43,4933789847931
2018-07-20;230,553;191,994661886561;38,5583381134391
2018-07-23;225,055;190,173712899712;34,8812871002878
2018-07-24;224,103;187,513713196455;36,5892868035451
2018-07-25;215,168;181,421564121788;33,7464358782124
2018-07-26;213,8;175,455428432511;38,3445715674894
2018-07-27;211,726;175,191233229745;36,5347667702548
2018-07-30;211,826;175,510947418268;36,3150525817325
2018-07-31;214,39;178,630024882509;35,7599751174912
2018-08-01;215,529;179,950369078406;35,5786309215938
2018-08-02;216,641;183,831937306435;32,8090626935651
2018-08-03;212,909;179,788287293287;33,1207127067127
2018-08-06;212,725;179,65363347747;33,0713665225298
2018-08-07;216,811;179,190226711299;37,6207732887009
2018-08-08;218,604;180,480168349167;38,123831650833
2018-08-09;225,457;185,391759840322;40,0652401596776
2018-08-10;236,997;196,788393957651;40,2086060423493
2018-08-13;252,003;208,546796182326;43,4562038176745
2018-08-14;239,521;197,889819915638;41,6311800843622
2018-08-15;239,917;201,47826851681;38,4387314831897
2018-08-16;237,135;198,576355335166;38,5586446648336
2018-08-17;240,921;202,20600357924;38,7149964207602
2018-08-20;243,787;201,738515952195;42,048484047805
2018-08-21;255,596;200,555403786014;55,0405962139857
2018-08-22;264,341;199,453192090931;64,8878079090689
2018-08-23;279,107;203,518875567697;75,5881244323031
2018-08-24;286,343;204,696641698301;81,6463583016989
2018-08-27;285,747;201,60453213698;84,1424678630197
2018-08-28;290,9;201,203187813922;89,6968121860775
2018-08-29;292,431;203,093308177131;89,3376918228687
2018-08-30;301,2;211,734111443022;89,4658885569775
2018-08-31;302,035;215,718558534416;86,3164414655838
2018-09-03;305,526;218,753208883032;86,7727911169682
2018-09-04;309,737;229,25828693262;80,4787130673805
2018-09-05;297,001;232,166138768483;64,8348612315173
2018-09-06;281,571;226,394586194294;55,1764138057062
2018-09-07;280,395;224,211756306376;56,1832436936239
2018-09-10;280,686;225,23178103739;55,4542189626099
2018-09-11;288,161;225,896380821624;62,2646191783758
2018-09-12;286,085;222,18026447482;63,9047355251802
2018-09-13;284,419;211,998663018833;72,4203369811667
2018-09-14;284,891;206,468073228715;78,4229267712846
2018-09-17;282,262;204,822831472244;77,4391685277559
2018-09-18;280,875;202,762490140378;78,1125098596221
2018-09-19;279,33;198,920488925889;80,4095110741114
2018-09-20;275,533;207,528718005597;68,0042819944027
2018-09-21;265,682;203,030261401911;62,6517385980893
2018-09-24;268,399;202,685638765461;65,7133612345394
2018-09-25;268,095;203,92701460031;64,1679853996899
2018-09-26;262,422;197,97764181386;64,4443581861396
2018-09-27;258,997;192,166786248833;66,8302137511667
2018-09-28;262,965;192,629279232965;70,3357207670352
2018-10-01;266,499;192,896390773893;73,6026092261072
2018-10-02;256,003;191,416679176364;64,5863208236356
2018-10-03;245,86;190,589100508517;55,270899491483
2018-10-04;247,469;202,281652130719;45,1873478692811
2018-10-05;245,635;206,27285020825;39,3621497917498
2018-10-08;229,615;209,642519821363;19,972480178637
2018-10-09;226,318;208,037790058825;18,2802099411754
2018-10-10;232,846;213,064433963833;19,7815660361674
2018-10-11;229,67;214,189746386142;15,4802536138581
2018-10-12;225,035;208,701246555184;16,333753444816
2018-10-15;223,595;205,733277798492;17,8617222015079
2018-10-16;215,167;202,456733869234;12,7102661307657
2018-10-17;212,57;203,75255480249;8,81744519751021
2018-10-18;219,499;211,096669219178;8,40233078082185
2018-10-19;215,949;211,793005131292;4,15599486870779
2018-10-22;211,77;211,587788063442;0,182211936557526
2018-10-23;210,765;213,588104476717;-2,82310447671693
2018-10-24;216,534;218,316330078361;-1,78233007836088
2018-10-25;212,307;217,272512648427;-4,96551264842728
2018-10-26;206,999;220,943861175389;-13,9448611753895
2018-10-29;210,415;224,412007072179;-13,997007072179
2018-10-30;205,269;223,600845763047;-18,3318457630473
2018-10-31;204,305;224,896447271492;-20,5914472714924
2018-11-01;201,208;223,174734746329;-21,9667347463286
2018-11-02;197,759;214,091744237862;-16,3327442378624
2018-11-05;196,064;212,038874270979;-15,9748742709792
2018-11-06;196,072;210,530109697463;-14,4581096974625
2018-11-07;195,037;205,69821483326;-10,6612148332599
2018-11-08;199,771;207,820689324597;-8,04968932459728
2018-11-09;200,646;210,129111606863;-9,48311160686255
2018-11-12;201,643;212,68692210794;-11,0439221079403
2018-11-13;205,38;216,587120365169;-11,2071203651688
2018-11-14;206,99;218,914295915042;-11,9242959150418
2018-11-15;206,868;220,124518068088;-13,2565180680877
2018-11-16;204,937;221,620581717924;-16,6835817179238
2018-11-19;207,54;227,243265888254;-19,703265888254
2018-11-20;213,405;236,772410181953;-23,3674101819527
2018-11-21;213,802;234,476508181476;-20,6745081814755
2018-11-22;212,496;234,649170830671;-22,1531708306708
2018-11-23;217,122;240,605807051071;-23,483807051071
2018-11-26;220,945;241,672171034054;-20,7271710340536
2018-11-27;222,342;243,611666897728;-21,2696668977279
2018-11-28;213,24;234,035949434699;-20,7959494346994
2018-11-29;210,166;227,943024317233;-17,7770243172325
2018-11-30;210,365;226,414210184747;-16,0492101847466
2018-12-03;207,632;218,119390958608;-10,487390958608
2018-12-04;209,999;221,091085145082;-11,0920851450816
2018-12-05;211,327;223,696407722063;-12,3694077220626
2018-12-06;211,555;225,289070652798;-13,734070652798
2018-12-07;208,505;222,248265999763;-13,7432659997631
2018-12-10;208,51;226,805734922553;-18,295734922553
2018-12-11;207,893;222,997010194764;-15,104010194764
2018-12-12;203,308;216,266138841139;-12,9581388411395
2018-12-13;199,75;210,962578283224;-11,212578283224
2018-12-14;198,665;211,397552209115;-12,7325522091153
2018-12-17;198,4;208,013353957199;-9,61335395719882
2018-12-18;200,737;209,187023814354;-8,45002381435413
2018-12-19;205,91;212,943649573484;-7,03364957348444
2018-12-20;208,427;220,400648912206;-11,9736489122064
2018-12-21;210,281;226,78693168598;-16,5059316859795
2018-12-24;214,514;233,52723248229;-19,0132324822899
2018-12-25;214,468;233,916619922986;-19,4486199229856
2018-12-26;213,722;234,417284131037;-20,6952841310371
2018-12-27;213,159;233,60119505594;-20,4421950559398
2018-12-28;210,568;230,797125515797;-20,2291255157973
2018-12-31;207,515;229,292220504136;-21,7772205041363
2019-01-01;207,992;229,306451264165;-21,3144512641651
2019-01-02;205,732;233,679147690675;-27,9471476906753
2019-01-03;203,231;234,089698573825;-30,8586985738249
2019-01-04;193,417;222,40005186842;-28,9830518684195
2019-01-07;186,235;212,065307458674;-25,8303074586737
2019-01-08;184,905;210,028367979523;-25,1233679795232
2019-01-09;181,598;203,898251900379;-22,3002519003788
2019-01-10;183,165;205,043493301722;-21,8784933017216
2019-01-11;184,416;203,559457667705;-19,1434576677046
2019-01-14;184,399;204,803392874352;-20,4043928743524
2019-01-15;183,465;202,221611832583;-18,7566118325834
2019-01-16;182,578;197,587243755956;-15,0092437559556
2019-01-17;179,968;197,132497930929;-17,1644979309295
2019-01-18;173,812;190,549689297014;-16,7376892970144
2019-01-21;172,06;188,251562298112;-16,1915622981123
2019-01-22;177,107;194,597186887468;-17,4901868874681
2019-01-23;173,032;191,621429186596;-18,5894291865961
2019-01-24;172,4;189,635581125247;-17,235581125247
2019-01-25;171,831;186,68792521174;-14,8569252117398
2019-01-28;173,034;189,187150113961;-16,1531501139608
2019-01-29;172,145;189,253201991953;-17,1082019919526
2019-01-30;169,733;187,21698700905;-17,4839870090498
2019-01-31;166,266;178,085901408539;-11,8199014085388
2019-02-01;166,27;178,246826781962;-11,9768267819621
2019-02-04;164,734;177,960367926331;-13,2263679263306
2019-02-05;163,306;172,973753633575;-9,66775363357545
2019-02-06;165,667;174,751458492692;-9,08445849269177
2019-02-07;169,323;179,39639269815;-10,07339269815
2019-02-08;173,105;184,191589194339;-11,0865891943392
2019-02-11;174,022;185,052408907708;-11,0304089077079
2019-02-12;170,447;181,608981220469;-11,1619812204688
2019-02-13;172,087;180,857375867262;-8,7703758672625
2019-02-14;167,94;180,190729033399;-12,2507290333986
2019-02-15;163,016;178,487591138265;-15,4715911382652
2019-02-18;162,37;176,549168815623;-14,1791688156227
2019-02-19;163,185;174,637425794538;-11,452425794538
2019-02-20;165,111;173,967365698316;-8,85636569831628
2019-02-21;165,294;173,58693857682;-8,29293857681998
2019-02-22;164,868;169,590741562348;-4,72274156234843
2019-02-25;161,403;164,055989344377;-2,65298934437733
2019-02-26;157,831;160,674908179813;-2,84390817981257
2019-02-27;154,727;157,226539897879;-2,49953989787901
2019-02-28;156,223;158,064186714936;-1,84118671493616
2019-03-01;157,729;158,712661888282;-0,983661888281942
2019-03-04;159,428;159,321768333888;0,106231666112258
2019-03-05;161,951;158,574962771662;3,37603722833789
2019-03-06;163,566;159,607573658026;3,95842634197424
2019-03-07;165,297;162,888992585646;2,40800741435414
2019-03-08;164,136;166,161784630228;-2,02578463022781
2019-03-11;157,1;157,868430447204;-0,768430447203973
2019-03-12;156,893;156,068596852405;0,824403147594818
2019-03-13;155,175;155,866068923647;-0,691068923646667
2019-03-14;155,822;155,216950172704;0,605049827295966
2019-03-15;155,943;154,865492552469;1,0775074475313
2019-03-18;153,005;150,295821951633;2,70917804836693
2019-03-19;150,35;149,373183140994;0,976816859006184
2019-03-20;160,194;163,771491514716;-3,5774915147159
2019-03-21;163,268;162,009709109114;1,25829089088587
2019-03-22;177,922;167,730863391734;10,1911366082658
2019-03-25;176,521;167,789624286373;8,7313757136274
2019-03-26;174,277;164,630013336376;9,64698666362369
2019-03-27;183,57;171,554279096329;12,015720903671
2019-03-28;185,217;171,243702102068;13,9732978979318
2019-03-29;179,661;166,886533423596;12,774466576404
2019-04-01;171,951;159,042838712522;12,9081612874782
2019-04-02;170,865;158,331312975607;12,5336870243925
2019-04-03;171,251;154,958467498573;16,2925325014273
2019-04-04;172,778;155,491482115473;17,286517884527
2019-04-05;171,449;154,002743132638;17,4462568673621
2019-04-08;170,702;153,631054972374;17,0709450276263
2019-04-09;170,613;150,705372846617;19,9076271533828
2019-04-10;169,009;150,551906791921;18,4570932080794
2019-04-11;170,304;151,352191457088;18,9518085429125
2019-04-12;169,748;148,728964469471;21,0190355305292
2019-04-15;169,164;146,58316463038;22,5808353696202
2019-04-16;168,253;144,909768731809;23,3432312681913
2019-04-17;171,468;142,917085040967;28,5509149590331
2019-04-18;171,856;143,70299449963;28,1530055003696
2019-04-19;171,943;143,525028871151;28,4179711288487
2019-04-22;170,916;142,914732123063;28,0012678769369
2019-04-23;169,197;143,52618114152;25,6708188584799
2019-04-24;175,676;148,992096290114;26,6839037098857
2019-04-25;176,758;153,18707692985;23,5709230701502
2019-04-26;175,725;150,880840824478;24,8441591755215
2019-04-29;173,524;148,714464078284;24,8095359217157
2019-04-30;172,51;149,055358640594;23,4546413594057
2019-05-01;173,324;149,648355044945;23,6756449550552
2019-05-02;174,348;152,094266256975;22,2537337430251
2019-05-03;171,678;149,993600693311;21,6843993066887
2019-05-06;172,168;153,738314358789;18,4296856412105
2019-05-07;175,823;158,750327284362;17,0726727156376
2019-05-08;173,302;160,038571974081;13,263428025919
2019-05-09;173,548;163,899680502756;9,64831949724382
2019-05-10;173,047;161,208582161518;11,8384178384821
2019-05-13;176,475;167,633921160125;8,84107883987515
2019-05-14;175,486;165,719116720903;9,76688327909723
2019-05-15;176,619;163,519939340033;13,0990606599665
2019-05-16;181,412;163,156868237618;18,2551317623819
2019-05-17;184,7;166,45590397646;18,2440960235403
2019-05-20;183,153;166,462023246187;16,6909767538128
2019-05-21;178,113;163,457017118743;14,6559828812567
2019-05-22;178,599;165,657693328647;12,9413066713534
2019-05-23;180,559;172,038571617195;8,52042838280458
2019-05-24;180,426;170,990231749202;9,43576825079833
2019-05-27;180,326;170,458129935521;9,86787006447882
2019-05-28;180,746;171,374350439839;9,37164956016093
2019-05-29;179,168;175,570125717225;3,59787428277454
2019-05-30;180,301;173,343043825589;6,9579561744111
2019-05-31;181,328;180,296574795355;1,0314252046452
2019-06-03;178,585;181,845860504283;-3,26086050428286
2019-06-04;174,565;177,587000312218;-3,02200031221757
2019-06-05;174,737;175,803510523675;-1,06651052367533
2019-06-06;174,194;172,890153051129;1,30384694887135
2019-06-07;171,174;171,9565795181;-0,782579518100429
2019-06-10;169,56;163,921693828009;5,63830617199094
2019-06-11;166,628;160,769980050811;5,85801994918922
2019-06-12;166,451;163,779401377405;2,67159862259503
2019-06-13;164,881;163,512743488153;1,36825651184699
2019-06-14;164,289;163,212319004522;1,07668099547821
2019-06-17;164,951;162,431158260752;2,51984173924808
2019-06-18;160,141;153,930997076922;6,21000292307757
2019-06-19;154,523;147,859873424051;6,66312657594898
2019-06-20;150,724;141,984486085099;8,73951391490147
2019-06-21;150,188;140,49008921643;9,69791078356969
2019-06-24;151,297;142,88509753757;8,41190246243009
2019-06-25;152,91;145,1132113;7,79678869999957
2019-06-26;152,202;144,508692261771;7,69330773822861
2019-06-27;150,678;140,485533159597;10,1924668404031
2019-06-28;150,404;139,12926492184;11,2747350781599
2019-07-01;147,866;134,940179673102;12,9258203268983
2019-07-02;147,093;134,002055239375;13,0909447606248
2019-07-03;146,344;133,242208393462;13,1017916065384
2019-07-04;146,402;132,55664482951;13,8453551704904
2019-07-05;145,993;134,206639526228;11,7863604737719
2019-07-08;143,969;159,125945621506;-15,1569456215065
2019-07-09;139,055;158,69869697238;-19,6436969723804
2019-07-10;132,66;155,256210520801;-22,5962105208013
2019-07-11;130,839;154,191913768388;-23,3529137683881
2019-07-12;129,282;152,116205786311;-22,8342057863111
2019-07-15;128,123;127,402095101503;0,720904898496822
2019-07-16;128,532;127,670477844901;0,861522155098651
2019-07-17;129,732;130,70968397018;-0,977683970180265
2019-07-18;129,523;130,170200564335;-0,64720056433477
2019-07-19;128,852;129,144531993163;-0,292531993163337
2019-07-22;128,293;129,578143434809;-1,28514343480886
2019-07-23;127,522;128,678396204483;-1,1563962044833
2019-07-24;126,172;127,017077527182;-0,845077527182318
2019-07-25;125,523;125,761200394397;-0,238200394397389
2019-07-26;125,454;127,159679402146;-1,70567940214577
2019-07-29;125,131;126,448595398087;-1,31759539808728
2019-07-30;126,437;128,098101886938;-1,66110188693844
2019-07-31;127,2;129,041830930597;-1,84183093059696
2019-08-01;130,422;133,803833682334;-3,38183368233377
2019-08-02;131,638;140,737918873919;-9,09991887391881
2019-08-05;140,13;155,920762548593;-15,7907625485931
2019-08-06;139,335;153,695231933487;-14,3602319334865
2019-08-07;137,762;153,257559991614;-15,4955599916145
2019-08-08;131,984;144,714328587473;-12,730328587473
2019-08-09;132,375;145,297239772135;-12,9222397721353
2019-08-12;134,907;151,467433589913;-16,5604335899131
2019-08-13;134,144;147,430217439499;-13,2862174394989
2019-08-14;139,578;151,194829519672;-11,6168295196718
2019-08-15;140,927;151,282502721882;-10,355502721882
2019-08-16;139,008;144,02670707964;-5,01870707964034
2019-08-19;138,432;142,969718897879;-4,53771889787931
2019-08-20;139,076;143,363274097563;-4,2872740975628
2019-08-21;136,644;139,854676000854;-3,21067600085412
2019-08-22;135,861;139,044074803142;-3,18307480314227
2019-08-23;138,742;141,694959681131;-2,95295968113072
2019-08-26;140,857;144,350161271281;-3,49316127128113
2019-08-27;141,213;142,808845692499;-1,59584569249944
2019-08-28;140,284;141,347674850123;-1,06367485012331
2019-08-29;138,085;138,496641127354;-0,41164112735386
2019-08-30;135,549;134,61364954592;0,935350454080096
2019-09-02;134,158;134,167873953113;-0,00987395311321598
2019-09-03;132,164;131,571747643728;0,592252356272157
2019-09-04;128,823;124,026025738203;4,79697426179665
2019-09-05;125,772;117,871865975751;7,900134024249
2019-09-06;123,604;116,178677633787;7,42532236621343
2019-09-09;123,405;115,046063953127;8,35893604687333
2019-09-10;123,672;113,877467996225;9,79453200377542
2019-09-11;124,411;113,454289887206;10,9567101127944
2019-09-12;120,606;111,143188990862;9,46281100913784
2019-09-13;120,155;111,65301139327;8,50198860672988
2019-09-16;120,941;112,416359053724;8,52464094627625
2019-09-17;119,904;112,695180989605;7,20881901039458
2019-09-18;120,007;111,563944719846;8,44305528015367
2019-09-19;118,243;110,03092337126;8,21207662873971
2019-09-20;130,56;124,623296514293;5,93670348570738
2019-09-23;131,904;126,919453330289;4,98454666971053
2019-09-24;136,158;131,760901874575;4,39709812542486
2019-09-25;135,755;135,918450853984;-0,163450853983967
2019-09-26;136,959;136,475672708952;0,483327291047633
2019-09-27;138,286;136,435549464939;1,85045053506119
2019-09-30;136,542;136,235721728101;0,306278271899032
2019-10-01;138,176;139,290870150384;-1,11487015038395
2019-10-02;139,742;141,882591442652;-2,14059144265236
2019-10-03;138,998;141,172228801393;-2,17422880139278
2019-10-04;138,169;140,280867290908;-2,11186729090818
2019-10-07;140,037;140,668809433144;-0,631809433143566
2019-10-08;142,922;143,183615142933;-0,261615142933002
2019-10-09;141,452;141,449966835013;0,00203316498724995
2019-10-10;137,998;138,900664794187;-0,902664794186744
2019-10-11;134,253;134,451441063438;-0,198441063437865
2019-10-14;133,407;133,813581089476;-0,40658108947625
2019-10-15;132,741;131,715918792499;1,02508120750081
2019-10-16;131,688;129,317848705821;2,37015129417911
2019-10-17;130,751;126,080739464418;4,67026053558204
2019-10-18;130;124,725788577924;5,2742114220761
2019-10-21;129,317;123,587711097365;5,72928890263482
2019-10-22;127,254;122,350142662918;4,90385733708227
2019-10-23;125,504;120,693267595545;4,81073240445508
2019-10-24;123,052;118,144095630271;4,90790436972858
2019-10-25;119,406;114,464126466074;4,94187353392608
2019-10-28;118,049;112,323193298255;5,7258067017447
2019-10-29;117,169;111,225318458448;5,94368154155241
2019-10-30;117,879;116,398398213666;1,48060178633426
2019-10-31;120,43;121,124068907741;-0,694068907740623
2019-11-01;118,424;118,858430908749;-0,434430908749432
2019-11-04;115,644;112,428247592129;3,21575240787106
2019-11-05;115,863;112,119394220144;3,74360577985586
2019-11-06;118,804;113,161239437957;5,64276056204271
2019-11-07;116,489;109,780539975131;6,70846002486906
2019-11-08;116,184;110,36495995486;5,81904004513988
2019-11-11;117,703;110,641247121323;7,06175287867699
2019-11-12;119,371;113,047392978674;6,32360702132606
2019-11-13;120,902;117,977233926567;2,92476607343279
2019-11-14;122,391;121,703114800989;0,687885199011363
2019-11-15;121,975;119,460366315466;2,51463368453394
2019-11-18;124,548;120,663038758408;3,88496124159169
2019-11-19;126,091;124,56801729934;1,52298270065984
2019-11-20;128,485;128,996018850922;-0,511018850921995
2019-11-21;127,097;128,444112610426;-1,34711261042613
2019-11-22;125,436;127,855435662037;-2,41943566203663
2019-11-25;124,402;132,576382368563;-8,17438236856314
2019-11-26;123,865;134,135669647761;-10,2706696477611
2019-11-27;124,628;129,142645389811;-4,51464538981146
2019-11-28;125,117;130,332714537824;-5,21571453782366
2019-11-29;124,731;128,941736352932;-4,21073635293152
2019-12-02;125,305;128,44531901748;-3,14031901748034
2019-12-03;125,347;130,088127834556;-4,74112783455635
2019-12-04;124,279;126,646259605759;-2,36725960575883
2019-12-05;120,595;123,552358167466;-2,95735816746604
2019-12-06;117,979;118,187907755598;-0,208907755597616
2019-12-09;116,559;116,35284690344;0,20615309656048
2019-12-10;114,389;114,688421900545;-0,299421900544786
2019-12-11;109,849;110,36822869394;-0,519228693939724
2019-12-12;102,97;104,568541909378;-1,59854190937819
2019-12-13;101,102;101,642016066238;-0,540016066238059
2020-01-02;96,963;91,026852970464;5,93614702953601
2020-01-03;98,483;94,8649782046096;3,61802179539045
2020-01-06;98,625;96,6171996547001;2,00780034529995
2020-01-07;99,301;95,9947187828036;3,30628121719641
2020-01-08;97,447;94,0094569133233;3,43754308667665
2020-01-15;100,598;95,7929278877895;4,80507211221045
2020-01-16;98,037;95,0195702420286;3,01742975797138
2020-01-17;97,319;96,0847570001745;1,23424299982546
2020-01-20;97,737;96,4310141915973;1,30598580840266
2020-01-21;98,194;98,9745604549453;-0,780560454945278
2020-01-22;98,146;101,652100634671;-3,50610063467073
2020-01-23;98,978;104,982166177727;-6,00416617772666
2020-01-24;100,987;109,356967574323;-8,36996757432279
2020-01-27;105,644;113,429390890779;-7,7853908907788
2020-01-28;100,946;110,027110850931;-9,08111085093068
2020-01-29;97,374;104,14661961786;-6,77261961785987
2020-01-30;98,232;109,737244459325;-11,5052444593248
2020-01-31;102,653;113,245740312233;-10,592740312233
2020-02-03;103,548;112,687178492723;-9,13917849272331
2020-02-04;99,394;106,103097405602;-6,70909740560155
2020-02-05;96,627;100,468836674543;-3,84183667454286
2020-02-06;96,846;100,846869840754;-4,00086984075358
2020-02-07;99,228;104,295951958707;-5,06795195870682
2020-02-10;100,273;106,14600070357;-5,87300070357015
2020-02-11;99,059;103,18744616678;-4,12844616677978
2020-02-12;97,329;100,182171436115;-2,85317143611547
2020-02-13;96,348;100,010643912184;-3,66264391218382
2020-02-14;94,679;97,6142925575632;-2,93529255756325
2020-02-17;93,72;98,0676935985885;-4,34769359858853
2020-02-18;92,614;98,2570306418941;-5,64303064189413
2020-02-19;92,349;96,0453832548486;-3,69638325484858
2020-02-20;92,51;95,5774713724348;-3,06747137243478
2020-02-21;92,915;97,359683271092;-4,44468327109199
2020-02-24;98,691;107,534892461451;-8,84389246145104
2020-02-25;104,757;114,967260527699;-10,2102605276989
2020-02-26;109,378;123,073120268457;-13,6951202684565
2020-02-27;119,823;138,932339060852;-19,1093390608515
2020-02-28;131,975;164,850597416034;-32,875597416034
2020-03-02;127,335;164,706335120018;-37,3713351200184
2020-03-03;120,732;161,300148633744;-40,5681486337439
2020-03-04;112,861;156,991268767358;-44,1302687673582
2020-03-05;129,122;170,757145131188;-41,6351451311881
2020-03-06;142,969;193,232373063892;-50,2633730638924
2020-03-09;186,267;274,935757506814;-88,6687575068144
2020-03-10;179,905;269,257086239059;-89,3520862390594
2020-03-11;217,623;312,56052257849;-94,9375225784901
2020-03-12;309,403;379,350599993218;-69,9475999932183
2020-03-13;262,569;325,701682281688;-63,1326822816877
2020-03-16;325,422;387,026580915322;-61,6045809153223
2020-03-17;308,703;380,138924855856;-71,4359248558557
2020-03-18;382,724;450,623981063258;-67,899981063258
2020-03-19;335,368;459,451886225884;-124,083886225884
2020-03-20;345,151;453,076401622065;-107,925401622065
2020-03-23;358,964;496,30960863361;-137,34560863361
2020-03-24;306,263;419,946367623473;-113,683367623473
2020-03-25;224,564;320,900800042256;-96,3368000422562
2020-03-26;229,347;301,867783904788;-72,5207839047882
2020-03-27;263,404;351,510914760167;-88,1069147601666
2020-03-30;274,525;378,089120274653;-103,564120274653
2020-03-31;275,949;367,380767788168;-91,4317677881685
2020-04-01;337,941;418,02176696226;-80,0807669622604
2020-04-02;335,837;426,728701913771;-90,8917019137711
2020-04-03;353,395;430,62404308618;-77,2290430861798
2020-04-06;345,217;423,970341394893;-78,7533413948925
2020-04-07;318,279;400,327566275345;-82,0485662753448
2020-04-08;295,967;385,183181611501;-89,2161816115014
2020-04-09;267,665;341,992001737567;-74,3270017375672
2020-04-10;265,943;343,272316689445;-77,329316689445
2020-04-13;264,194;334,992560306794;-70,7985603067937
2020-04-14;265,052;333,17908360895;-68,1270836089502
2020-04-15;292,538;362,603980668089;-70,0659806680886
2020-04-16;295,251;373,042865892723;-77,7918658927231
2020-04-17;290,538;371,734796869451;-81,1967968694506
2020-04-20;294,613;380,810559990248;-86,1975599902479
2020-04-21;315,494;404,755422385035;-89,2614223850348
2020-04-22;322,291;406,077523785148;-83,7865237851478
2020-04-23;329,895;403,887190095045;-73,9921900950455
2020-04-24;368,466;414,721194810423;-46,2551948104225
2020-04-27;372,04;420,779402498054;-48,7394024980542
2020-04-28;356,377;417,636641985899;-61,2596419858994
